,NAME,ACCOUNTNAME__C,ACCOUNTNUMBER__C,SALESAREANAME__C,SHOPPINGCART__C,url,PAYMENTPAGEURL__C,ec_cube
0,SA00485650,00110000011xdBDAAY,SP00774402,ハッピ名刺 PC,EC-CUBE,http://happy-meishi.com,,
1,SA00493595,0011000000WweZfAAJ,SP00731217,五彩堂PC・スマ,EC-CUBE,http://www.gosaido.co.jp/,,EC-CUBE
2,SA00493958,00110000013EvL0AAK,SP00775808,Beauty-GladPC・スマ・フィーチャーフォン,EC-CUBE,https://beauty-glad.jp/,,
3,SA00475332,0011000000qP5x9AAC,SP00746914,トノタウンPC),EC-CUBE,http://tonotown.jp,,
4,SA00474246,0011000000oggGEAAY,SP00745424,総健美PC、スマ、フィーチャーフォン,EC-CUBE,http://www.soukenbisya.com,,
5,SA00474596,0011000000p9QOgAAM,SP00745580,「DEA」_式通販サイトPC、スマ,EC-CUBE,http://dea.co.jp,,EC-CUBE
6,SA00474297,0011000000IamGzAAJ,SP00647101,ALICIA Online StorePC、スマ,EC-CUBE,http://alicia-online.jp,,
7,SA00491472,00110000015GbUuAAK,SP00792608,オフィスガーッ　PC・スマ・フィーチャーフォン,EC-CUBE,http://www.officegarden.net,,EC-CUBE
8,SA00474373,0011000000p6uMLAAY,SP00745468,スパクオンラインショーPC、スマ、フィーチャーフォン,EC-CUBE,http://shop.jspark.com,,EC-CUBE
9,SA00479231,0011000000ucaZ1AAI,SP00750614,ドクター・ウォーター　パトナーズウェブショーPC・スマ,EC-CUBE,http://dr.meisui-tabibito.com/login/,,
10,SA00509916,0015F000019K2foQAC,SP00821370,マッスルエレメンダPC・スマ,EC-CUBE,http://muscle-elements.jp/user_data/hmb.php,,EC-CUBE
11,SA00479246,0011000000udUfsAAE,SP00751858,茶庵はかた珈琲ネットショ　PC・スマ,EC-CUBE,http://hakatacoffee.com,,
12,SA00479251,0011000000jtBapAAE,SP00740134,あんしんあんぜん総合研究所PC、スマ,EC-CUBE,http://anshin-anzen-laboratory.com/shop/,,EC-CUBE
13,SA00479241,0011000000Ww0NBAAZ,SP00724882,キレイアラボ本店PC・スマ,EC-CUBE,http://kirei-up-labo2.com,,
14,SA00474537,0011000000p8VcJAAU,SP00745553,ニコストップPC、スマ,EC-CUBE,http://www.nicostop.jp,,
15,SA00474537,0011000000p8VcJAAU,SP00745553,ニコストップPC、スマ,EC-CUBE,http://www.nicostop.jp,,
16,SA00477150,0011000000sYs83AAC,SP00748780,ニコストップPC・スマ・フィーチャーフォン,EC-CUBE,http://www.nicostop.jp,,
17,SA00477150,0011000000sYs83AAC,SP00748780,ニコストップPC・スマ・フィーチャーフォン,EC-CUBE,http://www.nicostop.jp,,
18,SA00474535,0011000000p8VcJAAU,SP00745553,エンジェルアp001PC、スマ、フィーチャーフォン,EC-CUBE,http://g-cosme.net/product/view/angls/p001,,
19,SA00474535,0011000000p8VcJAAU,SP00745553,エンジェルアp001PC、スマ、フィーチャーフォン,EC-CUBE,http://g-cosme.net/product/view/angls/p001,,
20,SA00477147,0011000000sYs83AAC,SP00748780,エンジェルア2PC・スマ・フィーチャーフォン,EC-CUBE,http://g-cosme.net/product/view/angls/p001,,
21,SA00477147,0011000000sYs83AAC,SP00748780,エンジェルア2PC・スマ・フィーチャーフォン,EC-CUBE,http://g-cosme.net/product/view/angls/p001,,
22,SA00474536,0011000000p8VcJAAU,SP00745553,キダチアロエニンPC、スマ、フィーチャーフォン,EC-CUBE,http://aroenin.com/pc/,,
23,SA00474541,0011000000p8VcJAAU,SP00745553,ボースージA-womenPC、スマ,EC-CUBE,http://g-cosme.net/product/view/b2s/bs1women,,
24,SA00474534,0011000000p8VcJAAU,SP00745553,エンジェルアーPC、スマ、フィーチャーフォン,EC-CUBE,http://g-cosme.net/product/view/angls/ujbsq,,
25,SA00474534,0011000000p8VcJAAU,SP00745553,エンジェルアーPC、スマ、フィーチャーフォン,EC-CUBE,http://g-cosme.net/product/view/angls/ujbsq,,
26,SA00477146,0011000000sYs83AAC,SP00748780,エンジェルア1PC・スマ・フィーチャーフォン,EC-CUBE,http://g-cosme.net/product/view/angls/ujbsq,,
27,SA00477146,0011000000sYs83AAC,SP00748780,エンジェルア1PC・スマ・フィーチャーフォン,EC-CUBE,http://g-cosme.net/product/view/angls/ujbsq,,
28,SA00474540,0011000000p8VcJAAU,SP00745553,ボースージA-menPC、スマ,EC-CUBE,http://g-cosme.net/product/view/b2s/bs1men,,
29,SA00474539,0011000000p8VcJAAU,SP00745553,マイカロリSPPC、スマ、フィーチャーフォン,EC-CUBE,http://g-cosme.net/product/view/mkrl/mkrllpasp,,
30,SA00474539,0011000000p8VcJAAU,SP00745553,マイカロリSPPC、スマ、フィーチャーフォン,EC-CUBE,http://g-cosme.net/product/view/mkrl/mkrllpasp,,
31,SA00477148,0011000000sYs83AAC,SP00748780,マイカロリPC・スマ・フィーチャーフォン,EC-CUBE,http://g-cosme.net/product/view/mkrl/mkrllpasp,,
32,SA00477148,0011000000sYs83AAC,SP00748780,マイカロリPC・スマ・フィーチャーフォン,EC-CUBE,http://g-cosme.net/product/view/mkrl/mkrllpasp,,
33,SA00474538,0011000000p8VcJAAU,SP00745553,マイカロリPC、スマ、フィーチャーフォン,EC-CE,http://g-cosme.net/product/view/mkrl/mkrllp,,
34,SA00474580,0011000000p8w7kAAA,SP00745571,アクヂショ　PC,EC-CUBE,https://www.actyshop.com,,
35,SA00474617,0011000000bh4bdAAA,SP00736484,カタログギフトのハモニック【_式サイト】PC・スマ,EC-CUBE,http://www.harmonick.co.jp,,EC-CUBE
36,SA00502247,0011000000ucaZ1AAI,SP00750614,スパク プレミア_ メンバズ ショ(SPARK Premium Member’S  Shop)PC・スマ,EC-CUBE,http://sp.meitabi.com/,,
37,SA00500090,0011000000tBuO4AAK,SP00750245,7+EnglishPC・スマ,EC-CUBE,https://7plus-en.com/?CNV=default,,EC-CUBE
38,SA00501657,0015F000017u23BQAQ,SP00806966,パヾ人　専門ショーPC・スマ,EC-CUBE,https://partsbijin.com/,,
39,SA00501657,0015F000017u23BQAQ,SP00806966,パヾ人　専門ショーPC・スマ,EC-CUBE,https://partsbijin.com/,,
40,SA00512108,0015F00001AOwwlQAD,SP00824528,パヾ人専門ショ　PC・スマ,EC-CUBE,https://partsbijin.com/,,
41,SA00512108,0015F00001AOwwlQAD,SP00824528,パヾ人専門ショ　PC・スマ,EC-CUBE,https://partsbijin.com/,,
42,SA00491918,0015F000015WDVlQAO,SP00792835,電子タバコのヘルシーサポト　EC-CUBEPC・スマ,EC-CUBE,http://www.healthy-s.net/joyetech/,,EC-CUBE
43,SA00492030,0011000000pgHf4AAE,SP00746910,スワグラン　EC-CUBEPC・スマ,EC-CUBE,http://soiegrand.com,,
44,SA00492023,0011000000LFcojAAD,SP00696954,EXENA(PC・スマ,ECCUBE,http://exena.jp/,,EC-CUBE
45,SA00496424,0011000000p0UPoAAM,SP00745443,ONE SELFPC、スマ,EC-CUBE,http://www.mssjapan.co.jp/oneself,,
46,SA00492047,0015F000015WctKQAS,SP00792889,Dr.QPC・スマ,EC-CUBE,http://karada-mamoru.com,,
47,SA00492091,0011000000NphfFAAR,SP00700338,D-copsPC・スマ,EC-CUBE,http://d-cops.com/html,,
48,SA00492086,0015F000015Wk3iQAC,SP00792909,業務用調味.ラーメンの足立商店（Ｐ,EC-CUBE,http://www.adachishouten.com,,EC-CUBE
49,SA00492106,00110000015HIRRAA4,SP00792647,スイシア PC・スマ,EC-CUBE,http://suisia.com/,,
50,SA00492105,00110000015GUWXAA4,SP00792601,DELUXE DIRECT WEB SHOP　EC-CUBEPC・スマ・モバ,EC-CUBE,http://deluxeshop.jp,,
51,SA00500275,0015F000017a5uuQAA,SP00804058,物品レンタル業通信販売・WEBモバ）,EC-CUBE,http://www.kasite.com/sp,,
52,SA00492761,00110000011wmbIAAQ,SP00774379,CREATORS TREEＰ・スマ,EC-CUBE,http://creators-tree.tokyo,,
53,SA00496588,0015F0000170uD7QAI,SP00798507,ワードレコーズ・ダイレクトPC・スマ,EC-CUBE,http://wardrecords.com,http://wardrecords.com/user_data/guide.php,EC-CUBE
54,SA00411694,0011000000IbGksAAF,SP00678987,特産ジャポン,EC-CUBE,http://www.tokusan-j.com,,EC-CUBE
55,SA00387506,0011000000IasGXAAZ,SP00670127,フィラーレ　ショ,EC-CUBE,http://filare.jp,,
56,SA00378721,0011000000IatWOAAZ,SP00675045,株式会社ミッシーリス,EC-CUBE,http://www.mishii-list.com,,EC-CUBE
57,SA00389685,0011000000IapTnAAJ,SP00659422,H.I.S.地琗市_PC・スマ,EC-CUBE,http://goods.his-j.com,,EC-CUBE
58,SA00386429,0011000000IarQ3AAJ,SP00666773,APEGO,EC-CUBE,http://apego.jp,,
59,SA00385914,0011000000IaoW3AAJ,SP00655718,防草シート専門 らくギぼPC・スマ,EC-CUBE,https://www.bousou-sheet.com/,,EC-CUBE
60,SA00386853,0011000000IajFOAAZ,SP00635470,新潟お米専門店　ぁほんぽPC・スマ,EC-CUBE,http://www.niigata-rice.com,,
61,SA00372418,0011000000IapwGAAR,SP00661191,ハベスト　PC・スマ,EC-CUBE,http://www.harvest-web.com,,EC-CUBE
62,SA00396133,0011000000Ial3wAAB,SP00642448,Tools web shop　EC-CUBEPC・スマ,EC-CUBE,http://www.tlshp.com,,
63,SA00406183,0011000000Iao4pAAB,SP00654030,ハモン・・クジュウ WebショーPC・スマ,EC-CUBE,http://www.hamonde.jp/,,
64,SA00394512,0011000000IakZTAAZ,SP00640659,ヂノジェル公式オンラインストア　EC-CUBEPC・スマ,EC-CUBE,http://www.technogel.jp,,EC-CUBE
65,SA00377058,0011000000Iaj0bAAB,SP00634553,ショッングボドPC/スマ/フィーチャーフォン,EC-CUBE,http://namieamuro.shopbo.jp/,,
66,SA00394574,0011000000IakaSAAR,SP00640720,My Rossa LifePC・スマ,EC-CUBE,http://akate.jp/,,
67,SA00393656,0011000000IakroAAB,SP00641696,ハニーマザー  EC-CUBE　PC・スマ,EC-CUBE,http://www.honeymother.jp,,EC-CUBE
68,SA00410210,0011000000IakHGAAZ,SP00639430,yutori no kukan online shop by 栗原はるみ　PC・スマ・フィーチャーフォン,EC-CUBE,http://shop.yutorinokukan.jp/,,
69,SA00411666,0011000000IbF1PAAV,SP00678966,ヘアケア・コスメ・ウィヂ専門店　プリ__,ECCUBE,http://www.primum.jp/,,
70,SA00436743,0011000000IaorKAAR,SP00656937,和陶,EC-CUBE,http://www.watou.biz,,
71,SA00431628,0011000000IanybAAB,SP00653544,株式会社糸満市物産センター,EC-CUBE,http://shop.yukura.jp,,
72,SA00432037,0011000000IaoVNAAZ,SP00655676,ｂｉ エビップ　PC・スマ,EC-CUBE,http://ebip.jp,,EC-CUBE
73,SA00432263,0011000000IaonXAAR,SP00656802,ライフアオンラインショッングPC、モバ両方,EC-CUBE,http://www.lifeup-co.com,,EC-CUBE
74,SA00431667,0011000000IanzTAAR,SP00653598,MARUZEN&JUNKUDO,EC-CUBE,http://www.junkudo.co.jp,,
75,SA00432086,0011000000IaoW3AAJ,SP00655718,芝桜専門 らくギぼPC・スマ㼉PC・スマ,EC-CUBE,https://www.sibazakura.jp/,,EC-CUBE
76,SA00419368,0011000000IajRrAAJ,SP00636243,プリンセスネット　PC・スマ,EC-CUBE,http://www.princess-net.com,,EC-CUBE
77,SA00432676,0011000000IasHfAAJ,SP00670197,http://www.anko-shop.jp,EC-cube,http://www.anko-shop.jp,,EC-CUBE
78,SA00421444,0011000000IalrOAAR,SP00645414,http://www.rakuten.co.jp/e-kagiya/,EC-CUBE,http://www.rakuten.co.jp/e-kagiya/,,
79,SA00425801,0011000000Iak4eAAB,SP00638648,にんにく畑　EC-CUBEPC・スマ・フィーチャーフォン,EC-CUBE,http://www.holonic.info/,,EC-CUBE
80,SA00418318,0011000000IaqMAAAZ,SP00662797,自社サイトPC),EC-CUBE,http://www.una-iguchi.jp,,
81,SA00429233,0011000000IajvYAAR,SP00638084,On the next Girls Style,EC-CUBE,http://onegirlsstyle.jp,,
82,SA00432314,0011000000IaowSAAR,SP00657355,Create A Book Ace,EC-CUBE,http://create-a-book-ace.jp/,,
83,SA00437335,0011000000IapaWAAR,SP00659839,齊藤コーヒ株式会社,EC-CUBE,http://a-coco-cocono-coffee.com/,,
84,SA00437453,0011000000IapgAAAR,SP00660189,希望の環公式オンラインショ　ぁ直売ネッ,EC-CUBE,http://www.e-chokubai.net/,,EC-CUBE
85,SA00437486,0011000000IapgqAAB,SP00660231,ISBIT　公式通販サイト　PC・スマ,EC-CUBE,http://isbit.jp/,,
86,SA00428267,0011000000IaoOdAAJ,SP00655258,住設ドットコ_,EC-CUBE,http://jyusetu.com,,
87,SA00422989,0011000000IanajAAB,SP00652169,マシャルワールドオンラインショ　EC-CUBEPC・スマ,EC-CUBE,http://www.mwjapan.jp/,,EC-CUBE
88,SA00430854,0011000000Iamn6AAB,SP00649092,K's FLORIST,EC-CUBE,http://www.ks-florist.net,,EC-CUBE
89,SA00432378,0011000000Iap5CAAR,SP00657897,DATVshoppingPC・スマ・フィーチャーフォン,EC-CUBE,http://datv.jp/shopping/,,EC-CUBE
90,SA00433519,0011000000IakKhAAJ,SP00639543,有限会社ポラリスコーポレーション,EC-CUBE,http://www.nioi-zero.jp,,
91,SA00430914,0011000000IamuNAAR,SP00649543,オー　ッ　ナチュールPC、スマ,EC-CUBE,http://www.eau-de-nature.com,,EC-CUBE
92,SA00430914,0011000000IamuNAAR,SP00649543,オー　ッ　ナチュールPC、スマ,EC-CUBE,http://www.eau-de-nature.com,,EC-CUBE
93,SA00464577,0011000000OdEnDAAV,SP00705538,オー　ッ　ナチュール　PC・スマ,EC-CUBE,http://www.eau-de-nature.com,,EC-CUBE
94,SA00464577,0011000000OdEnDAAV,SP00705538,オー　ッ　ナチュール　PC・スマ,EC-CUBE,http://www.eau-de-nature.com,,EC-CUBE
95,SA00434041,0011000000Ial3wAAB,SP00642448,cotora monora  EC-CUBEPC・スマ,EC-CUBE,http://www.cotoramonora.com,,
96,SA00418009,0011000000IaqHBAAZ,SP00662488,ショ・アクチュアリー,EC-CUBE,www.shopactuall.jp,,
97,SA00425062,0011000000IaiuMAAR,SP00634166,有限会社フローリストワタリ,EC-CUBE,http://nyt.ec-cube.org,,EC-CUBE
98,SA00429922,0011000000IalQRAAZ,SP00643843,エバメール化粧品WEBショーPC・スマ,EC-CUBE,http://www.evermere-shop.jp,,EC-CUBE
99,SA00430943,0011000000IamulAAB,SP00649567,シグネチャーストア　PC・スマ,EC-CUBE,http://signa.jp/store/,,
100,SA00433631,0011000000IakZTAAZ,SP00640659,快_博士公式オンラインストア　EC-CUBEPC・スマ,EC-CUBE,https://www.kaimin-hakase.com/,,
101,SA00428488,0011000000IaodjAAB,SP00656194,クラウヂアのホ_ペジ　PC・スマ,EC-CUBE,http://www.claudia.co.jp,,
102,SA00423709,0011000000IaoKvAAJ,SP00655028,自社EC,EC-CUBE,https://www.umaka.co.jp/,,EC-CUBE
103,SA00431562,0011000000IanqvAAB,SP00653068,アヴァンセオンライン　PC・スマ,EC-CUBE,http://avance-online.jp,https://avance-online.jp/order/index.php,
104,SA00433041,0011000000IajUcAAJ,SP00636414,電気書院オンラインショッングPC・スマ,EC-CUBE,http://www.denkishoin.co.jp/,,EC-CUBE
105,SA00433709,0011000000IakaeAAB,SP00640732,株式会社ファーストージ,EC-CUBE,http://www.premori.jp,,EC-CUBE
106,SA00438245,0011000000IajNgAAJ,SP00635988,株式会社コスメヂヂアカッー,EC-CUBE,http://www.cosdemy-direct.com/shop/,,
107,SA00418976,0011000000Iaj0zAAB,SP00634577,jasmin　jasmin　PC・スマ,EC-CUBE,http://www.jasminjasmin.com,,EC-CUBE
108,SA00426598,0011000000IalfMAAR,SP00644768,株式会社グローバルウォーター,EC-CUBE,http://www.mizuhiroba.jp/,,EC-CUBE
109,SA00438735,0011000000IakLYAAZ,SP00639800,ぁあンラインショーPC・スマ,EC-CUBE,http://www.ukai-online.com,,
110,SA00439083,0011000000IakyzAAB,SP00642245,珈夢亭オンラインショ　三喜屋珈琲株式会社,EC-CUBE,http://mikiya-coffee.com/,,EC-CUBE
111,SA00438759,0011000000IakLzAAJ,SP00639827,DearMe,EC-CUBE,http://www.dear-me.net,,
112,SA00439138,0011000000Ial59AAB,SP00642527,南海部品東京通販部,ECCUBE,http://www.hotline-web.jp/shop/,,
113,SA00439189,0011000000IbYwOAAV,SP00680221,ウエットラストジャパン公式ショッングサイ,EC-CUBE,http://wettrust.com/,,
114,SA00439216,0011000000Ibf6NAAR,SP00680242,あじま市_,ECCUBE,http://www.uwajima-ichiba.com,,
115,SA00440921,0011000000IakdHAAR,SP00640799,casmo+,ECCUBE,http://www.casmo.co.jp,,
116,SA00440921,0011000000IakdHAAR,SP00640799,casmo+,ECCUBE,http://www.casmo.co.jp,,
117,SA00381458,0011000000IakdHAAR,SP00640799,casmo+,ECCUBE,http://www.casmo.co.jp,,
118,SA00381458,0011000000IakdHAAR,SP00640799,casmo+,ECCUBE,http://www.casmo.co.jp,,
119,SA00440931,0011000000IcG2lAAF,SP00685181,あくぼー,EC-CUBE,http://www.inkbo-ya.com,,
120,SA00467202,0011000000bggMiAAI,SP00735060,MAYHEM(PC、スマ、フィーチャーフォン),EC-CUBE,http://mayhem.jp,,
121,SA00442931,0011000000LCwdTAAT,SP00690411,農業資材販売の中川商,EC-CUBE,http://nakagawa-syouten.co.jp,,
122,SA00442931,0011000000LCwdTAAT,SP00690411,農業資材販売の中川商,EC-CUBE,http://nakagawa-syouten.co.jp,,
123,SA00450243,0011000000OcWprAAF,SP00705311,株式会社プラスワイズ,EC-CUBE,http://nakagawa-syouten.co.jp,,
124,SA00450243,0011000000OcWprAAF,SP00705311,株式会社プラスワイズ,EC-CUBE,http://nakagawa-syouten.co.jp,,
125,SA00450408,0011000000OcsXrAAJ,SP00705455,SS-TOOLS,EC-CUBE,http://www.endmill-cutter.com,,EC-CUBE
126,SA00444010,0011000000LEXiFAAX,SP00693096,DefLab,EC-CUBE,http://chillpan.com/,,EC-CUBE
127,SA00444777,0011000000LEQj2AAH,SP00693064,Style　de　ACHER,EC-CUBE,http://www.grace-fs.com,,EC-CUBE
128,SA00445048,0011000000LFKNPAA5,SP00695711,株式会社マクロスタイル,EC-CUBE,http://macrostyle.co.jp,,
129,SA00445897,0011000000MLYVOAA5,SP00697188,株式会社セルー,EC-CUBE,http://www.mimoi.com,,EC-CUBE
130,SA00445952,0011000000LEVu3AAH,SP00693086,株式会社耕文社,EC-CUBE,http://www.kohbunsha.co.jp/surunavi,,EC-CUBE
131,SA00446101,0011000000Mqnt2AAB,SP00697470,株式会社ゴーフィール,EC-CUBE,http://www.mens-powerstone.com/,,EC-CUBE
132,SA00474462,0011000000IasfSAAR,SP00671872,三豊おいしいも通販,EC-CUBE,http://www.mitoyofoods.com/,,
133,SA00475386,0011000000qf95iAAA,SP00746946,夜茶屋オンラインショ　PC・スマ,EC-CUBE,http://www.sagemon.com,,
134,SA00479270,0011000000p0WNaAAM,SP00745449,東栂ンクリート工業_オンラインショ　PC,EC-CUBE,http://www.toeicon.co.jp/shop/html/,,EC-CUBE
135,SA00475438,0011000000Wuku4AAB,SP00716772,POLICE ONLINE STOREPC、スマ、フィーチャーフォン,EC-CUBE,http://www.policestyle.net,,EC-CUBE
136,SA00479278,0011000000tBuDAAA0,SP00750243,PDF→CADータweb変換サービスPC,EC-CUBE,https://www.zumenhenkan.com,,EC-CUBE
137,SA00475468,0011000000afvlzAAA,SP00731344,シュプリー_ノイ　ブランドサイトPC・スマ,EC-CUBE,http://www.supreme-noi.jp/,,
138,SA00475473,0011000000qfo4kAAA,SP00746998,あさぎり高原食品ネットショ　PC・スマ,EC-CUBE,http://www.asagirikogen.co.jp,,EC-CUBE
139,SA00475470,0011000000WufCzAAJ,SP00716693,Light House Beautyスマ、フィーチャーフォン,EC-CUBE,http://lighthousebeauty.jp/user_data/candetosp.php,,
140,SA00488527,0011000000sb7ZjAAI,SP00750090,Onlineshop enovino EC-CUBEPC・スマ,EC-CUBE,http://www.enovino.jp/,,
141,SA00475716,0011000000qh23EAAQ,SP00747145,Gadgetr　PC,EC-CUBE,http://gadget.uassist.co.jp,,EC-CUBE
142,SA00475781,0011000000bguJHAAY,SP00736387,かきのクニヒロ EC-CUBE PC・スマ,EC-CUBE,http://kunihiro.net,,EC-CUBE
143,SA00480792,0011000000wEIzSAAW,SP00754721,オビアスストアー　PC,EC-CUBE,http://obias.jp,,
144,SA00518899,0015F00001FuHBHQA3,SP00831652,リラクネクス自社サイト）　EC-CUBEPC・スマ,EC-CUBE,http://www.relaxnex.com,https://www.relaxnex.com/user_data/guide.php,EC-CUBE
145,SA00476315,0011000000IasfSAAR,SP00671872,ニュアージュ,EC-CUBE,http://www.nuage5.com/,,
146,SA00476344,0011000000LD4IUAA1,SP00690458,uchi sotoPC・スマ,EC-CUBE,http://www.caravan-shop.jp,,
147,SA00476331,0011000000rDJGPAA4,SP00748444,https://genequest.jp/,EC-CUBE,https://genequest.jp/,,
148,SA00484912,0011000000Ial2LAAR,SP00642349,SHOP-ESPOIRPC・スマ,EC-CUBE,http://shop.ms-espoir.co.jp/,,
149,SA00476375,0011000000rDgZsAAK,SP00748459,エスピ・ッートPC、スマ、フィーチャーフォン,EC-CUBE,http://www.sp-de-part.com,,
150,SA00476398,0011000000rDs4nAAC,SP00748469,ジンギスカン めか　PC,EC-CUBE,http://jingisukan-yamaka.com,,
151,SA00476419,0011000000rE8cJAAS,SP00748483,direct OAKLEY専門店PC・スマ,EC-CUBE,http://ok-direct.jp,,EC-CUBE
152,SA00476485,0011000000rELYHAA4,SP00748507,モダンビューヂー公式サイトPC、スマ,EC-CUBE,http://www.modernbeauty.jp,,EC-CUBE
153,SA00476602,0011000000rELYRAA4,SP00748508,ニッコー公式オンラインショ　PC,EC-CUBE,http://www.nikko-tabletop.jp/,,EC-CUBE
154,SA00476687,0011000000IcWUAAA3,SP00685362,日本ロイヤルガストロ倶楽部自社　PC・スマ,EC-CUBE,http://www.aionline-japan.com,,
155,SA00491650,00110000015mrFfAAI,SP00792650,はまでんールヂングス本店　PC・スマ,EC-CUBE,http://hamaden-hd.sakura.ne.jp/ec/html,,
156,SA00488599,00110000014bVRVAA2,SP00780900,リブラPC,EC-CUBE,http://re-blast.com/,,EC-CUBE
157,SA00476791,0011000000rkjMTAAY,SP00748658,ブラヂダイヤPC),EC-CUBE,http://www.blackdia.info/,,
158,SA00476829,0011000000rEVifAAG,SP00748515,3a-lifePC、スマ),EC-CUBE,http://www.3a-life.com/,,EC-CUBE
159,SA00476888,0011000000rlkkhAAA,SP00748698,株式会社MUKPC、スマ,EC-CUBE,http://demain-beauty.co/,,EC-CUBE
160,SA00476947,0011000000rmJYNAA2,SP00748709,新安定型ハイドロキノンSHOP　shq1.com　PC・スマ,EC-CUBE,http://shq1.com/,,
161,SA00476950,0011000000rmLwwAAE,SP00748711,自社サイトPC、スマ,EC-CUBE,http://www.ainet-web.com,,EC-CUBE
162,SA00476933,0011000000kpFtmAAE,SP00742915,ビグレン販売サイトPC・スマ・フィーチャーフォン,EC-CUBE,http://www.bglen.net,,EC-CUBE
163,SA00452992,0011000000StlINAAZ,SP00710129,庵,EC-CUBE,http://angetsu.co.jp,,EC-CUBE
164,SA00442443,0011000000LCbYtAAL,SP00689109,へんぺぺ,EC-CUBE,https://www.henpeimen.com/shopping,,
165,SA00400420,0011000000Iaqt5AAB,SP00664829,株式会社諏訪田製作所,EC-CUBE,http://www.suwada.co.jp,,
166,SA00410904,0011000000Ib4TJAAZ,SP00676624,スリ_,EC-CUBE,http://slimni.jp,,
167,SA00411746,0011000000IbI6uAAF,SP00679003,ANIMA Love for all.,ECCUBE,http://www.animawebshop.com,,
168,SA00439303,0011000000IbkWrAAJ,SP00680339,エンシェルクラ,EC-CUBE,http://www.angel-club.co.jp,,
169,SA00440900,0011000000IarucAAB,SP00668768,VALUEON,EC-Cube,http://www.valueon.jp/,,
170,SA00441068,0011000000IcQw1AAF,SP00685309,九州高原牧場本,EC-CUBE,http://kyushu-kogen.jp/,,
171,SA00442907,0011000000LCmqbAAD,SP00690382,株式会社,EC-CUBE,http://www.s-o-c-A.com,,
172,SA00443054,0011000000LDEuIAAX,SP00690514,株式会社丸栊木センター,EC-CUBE,http://www.mokku.jpn.com,,
173,SA00443056,0011000000IarucAAB,SP00668768,事務.biz,EC-Cube,http://www.jimufuku.biz/,,
174,SA00449910,0011000000Oc4E1AAJ,SP00704998,株式会社コーゼ,EC-CUBE,http://www.cucue.com,,
175,SA00445769,0011000000LF0WtAAL,SP00695542,クリエイトア・ブック工房,EC-CUBE,http://www.create-a-book-koubou.jp,,
176,SA00445768,0011000000LF92vAAD,SP00695592,JACKET HOUSE,EC-CUBE,http://www.jackethouse-car.com/,,
177,SA00445824,0011000000MM2IHAA1,SP00697223,KABEYA　壁掛.ｐPC,EC-CUBE,http://www.kabekake.jp,,EC-CUBE
178,SA00450286,0011000000OccR2AAJ,SP00705348,株式会社ACE,EC-CUBE,http://cosme-label.jp/,,
179,SA00461756,0011000000Ww40gAAB,SP00724914,海外おみめ.COM(PC、スマ、フィーチャーフォン),EC-CUBE,http://www.kaigai-omiyage.com,,
180,SA00450341,0011000000IakUxAAJ,SP00640283,天然美人　本,EC-CUBE,http://tnbj.jp/,,
181,SA00411287,0011000000Ial48AAB,SP00642464,カ_コラドットジェイピ,EC-CUBE,http://www.camucolla.jp,,
182,SA00496643,0011000000Ssh4sAAB,SP00707524,結婚お祝い返しの本　EC-CUBEPC・スマ,EC-CUBE,http://www.store-gift.com,,EC-CUBE
183,SA00469117,0011000000bhPWlAAM,SP00739028,サクシア通販サイトPC・スマ・モバ,EC-CUBE,http://suxia.jp,,
184,SA00464298,0011000000WuspnAAB,SP00716847,tkF　BASEMENTPC・モバ,EC-CUBE,http://www.tciskfactory.com/basement/,,
185,SA00377706,0011000000IajNjAAJ,SP00635991,キプブラ,EC-CUBE,http://keepbra.com/,,
186,SA00379377,0011000000Iak08AAB,SP00638372,キタ_ラジャパン　オンラインストア,ECCUBE,http://ohayo-kitamura.com/,,EC-CUBE
187,SA00381818,0011000000IakeDAAR,SP00641557,四季菜市　めぱぽ岡垣,ECCUBE,http://www.yappa-okagaki.jp/,,EC-CUBE
188,SA00370796,0011000000IapWFAAZ,SP00659574,famfamスコーン&ヂータイ_専門,EC-CUBE,http://shop.famfam.jp,,
189,SA00382363,0011000000IakyGAAR,SP00642200,re.TreePC・モバ,EC-CUBE,http://www.desk-mitten.com,,EC-CUBE
190,SA00382825,0011000000Ial46AAB,SP00642462,榊原,ECCUBE,http://www.1028sakakibara.com,,EC-CUBE
191,SA00376767,0011000000IajCIAAZ,SP00635282,双日コスメヂヂスオンラインショ　PC・スマ・フィーチャーフォン,EC-CUBE,http://shop.sojitz-cosmetics.com/,,
192,SA00379005,0011000000IarvEAAR,SP00668806,株式会社Bella　Pelle,EC-CUBE,http://www.bella-pelle.jp,,
193,SA00382870,0011000000Ial4pAAB,SP00642507,アモイズ・ケイ,ECCUBE,http://www.amois-k.co.jp,,
194,SA00382873,0011000000Ial4sAAB,SP00642510,原コーヒ㼼Ｎ,ECCUBE,http://hara-coffee.net,,
195,SA00383093,0011000000Ial5CAAR,SP00642530,GOOD　SMELL　CANDOLE　SHOP,ECCUBE,http://www.good-smell.jp/,,EC-CUBE
196,SA00377240,0011000000IajDGAAZ,SP00635342,快適プラザ,ECCUBE,http://comfort.w-plaza.net,,
197,SA00379310,0011000000IajrHAAR,SP00637923,健康,EC-CUBE,http://www.j-medix.com,,EC-CUBE
198,SA00381991,0011000000Ias0WAAR,SP00669134,アメリカンペットロダク,EC-CUBE,http://www.amepe.com,,
199,SA00382043,0011000000IakN6AAJ,SP00639696,KN企画 通販サイト　PC・スマ,EC-CUBE,http://www.kn926.net,,EC-CUBE
200,SA00440082,0011000000IbF1tAAF,SP00678967,胡蝶蘭と薔薇の専門店　sincerely.,ECCUBE,http://sincerely-shop.com,,
201,SA00440096,0011000000Ibrg9AAB,SP00682737,株式会社ヂオス,EC-CUBE,http://www.dios.co.jp/,,
202,SA00440899,0011000000Ic8VsAAJ,SP00685152,Round,EC-CUBE,http://www.webstore-round.com,,
203,SA00475344,0011000000oemuNAAQ,SP00745362,SECOND-WINDPC,EC-CUBE,http://www.second-wind.info,,
204,SA00440907,0011000000IbnR4AAJ,SP00682678,にんぜ,EC-CUBE,http://ninzen.jp,,EC-CUBE
205,SA00441006,0011000000IcMWiAAN,SP00685260,芝生通販,EC-CUBE,shop.shiba-fu.com,,
206,SA00441521,0011000000LC9GfAAL,SP00686598,流行グヂのコレキッ,EC-CUBE,http://www.korekiteru.net/,,EC-CUBE
207,SA00475345,0011000000qSAeuAAG,SP00746923,カラダハッピ㼼PC、スマ,EC-CUBE,http://karada-happy.jp/,,
208,SA00467188,0011000000IaptFAAR,SP00661104,SOUL Japan STORE(PC、スマ、フィーチャーフォン),EC-CUBE,http://www.souljapan-store.jp,,
209,SA00457413,0011000000UJeuIAAT,SP00716332,AMEDEIオンラインショ(PC、スマ),EC-CUBE,http://amedei.jp,,
210,SA00491260,00110000015FzfLAAS,SP00792579,イベントロカフェPC,EC-CUBE,http://www.eventpro-cafe.com/shop/,,EC-CUBE
211,SA00453003,0011000000Sskd5AAB,SP00707537,オ_ヂーキ専門 キャンヂアリスPC・スマ,EC-CUBE,http://omutucake.com,,EC-CUBE
212,SA00457425,0011000000UJexyAAD,SP00716350,NEW MGC 福岡店　PC・スマ・フィーチャーフォン,EC-CUBE,https://www.newmgc.com,https://www.newmgc.com/contents/guide/,EC-CUBE
213,SA00450396,0011000000OcpFXAAZ,SP00705446,株式会社ネットワークス,EC-CUBE,http://www.wigrazie.jp,,EC-CUBE
214,SA00450396,0011000000OcpFXAAZ,SP00705446,株式会社ネットワークス,EC-CUBE,http://www.wigrazie.jp,,EC-CUBE
215,SA00450116,0011000000OcNxTAAV,SP00705169,株式会社ネットワークス,EC-CUBE,http://www.wigrazie.jp,,EC-CUBE
216,SA00450116,0011000000OcNxTAAV,SP00705169,株式会社ネットワークス,EC-CUBE,http://www.wigrazie.jp,,EC-CUBE
217,SA00443889,0011000000LECJUAA5,SP00692946,細野晃義写真事務所,EC-CUBE,http://www.hosonism.com/shop/,,
218,SA00449888,0011000000Oc3M7AAJ,SP00704978,ギルドストア株式会社,EC-CUBE,http://guild-store.jp,,EC-CUBE
219,SA00444898,0011000000LF7dLAAT,SP00695586,株式会社ニューゲートジャパン,EC-CUBE,http://www.miracosme.com,,
220,SA00449968,0011000000Oc6vQAAR,SP00705035,百果_,EC-CUBE,http://www.momokado.jp,,
221,SA00445545,0011000000LG4uEAAT,SP00697006,apres-midi　PC・スマ,EC-CUBE,http://ec.apres-midi.tokyo/,,
222,SA00450437,0011000000Iaq7SAAR,SP00661881,AQ　Life　Market　PC・スマ・フィーチャーフォン,EC-CUBE,http://aqlife.jp,,
223,SA00499647,0015F000017a5uuQAA,SP00804058,物品レンタル業通信販売・WEBPC・スマ㼉電話,EC-CUBE,http://www.kasite.com,,EC-CUBE
224,SA00445844,0011000000MRhv3AAD,SP00697237,株式会濱岡啺,EC-CUBE,http://www.sakuemon.net,,
225,SA00445886,0011000000LG4SxAAL,SP00697003,めしち山野草,EC-CUBE,http://www.yamanohana.com,,EC-CUBE
226,SA00500206,0015F000017rhVyQAI,SP00804288,マユライズ公式HPPC・スマ,EC-CUBE,http://lit-p.com/mayurise/,,
227,SA00477072,0011000000IcWUAAA3,SP00685362,世田谷 斮菓　PC・スマ,EC-CUBE,http://www.fuminoka.jp,,EC-CUBE
228,SA00477071,0011000000IcWUAAA3,SP00685362,マシュマロ電報　PC・スマ,EC-CUBE,http://www.mash-denpo.com,,EC-CUBE
229,SA00477116,0011000000StCwLAAV,SP00708803,Cloche 〜クローシェ,EC-CUBE,http://www.cloche.biz/,,EC-CUBE
230,SA00477115,0011000000qj5n9AAA,SP00748423,ピカピカレイン,EC-CUBE,http://pikapikarain.jp/,,
231,SA00509918,0015F000019K2l3QAC,SP00821371,息ピュア　PC・スマ,EC-CUBE,http://ikipure.jp/user_data/ikipure.php,,EC-CUBE
232,SA00477149,0011000000sYs83AAC,SP00748780,キダチアロエニンPC・スマ・フィーチャーフォン,EC-CUBE,http://aroenin.com,,
233,SA00479351,0011000000vLbcNAAS,SP00751900,メガネ赤札堂オンラインショ,EC-CUBE,http://www.megane-akafudado.jp/,,EC-CUBE
234,SA00477736,0011000000m9vp4AAA,SP00743077,アリスの英,EC-CUBE,https://www.alice-english.com/lis/,,EC-CUBE
235,SA00477736,0011000000m9vp4AAA,SP00743077,アリスの英,EC-CUBE,https://www.alice-english.com/lis/,,EC-CUBE
236,SA00478041,0011000000tBuO4AAK,SP00750245,アリスの英語PC・スマ,EC-CUBE,https://www.alice-english.com/lis/,,EC-CUBE
237,SA00478041,0011000000tBuO4AAK,SP00750245,アリスの英語PC・スマ,EC-CUBE,https://www.alice-english.com/lis/,,EC-CUBE
238,SA00477735,0011000000m9vp4AAA,SP00743077,English-英会話フレーズ完全記-PC・スマ,EC-CUBE,https://www.7plus-e.com/ad-lp/,,
239,SA00486590,00110000013EvL0AAK,SP00775808,ニナ・ハブス　PC・スマ・フィーチャーフォン,EC-CUBE,http://nina-herbs.jp/,,
240,SA00502190,0015F000017z3kOQAQ,SP00807382,鮮彩くらぶＰ・スマ,EC-CUBE,http://shop.sen-sai.net,,EC-CUBE
241,SA00477787,0011000000scEqTAAU,SP00750132,EXCALIBURPC・スマ・フィーチャーフォン,EC-CUBE,http://excalibur-shop.jp,,EC-CUBE
242,SA00477787,0011000000scEqTAAU,SP00750132,EXCALIBURPC・スマ・フィーチャーフォン,EC-CUBE,http://excalibur-shop.jp,,EC-CUBE
243,SA00460523,0011000000WvRPbAAN,SP00723090,EXCALIBUR　ECサイトPC・スマ・フィーチャーフォン,EC-CUBE,http://excalibur-shop.jp,,EC-CUBE
244,SA00460523,0011000000WvRPbAAN,SP00723090,EXCALIBUR　ECサイトPC・スマ・フィーチャーフォン,EC-CUBE,http://excalibur-shop.jp,,EC-CUBE
245,SA00511302,0011000000tBuO4AAK,SP00750245,7+EnglishPC・スマ,EC-CUBE,https://7plus-eng.com/,https://7plus-eng.com/order/,EC-CUBE
246,SA00480810,0011000000vn0XEAAY,SP00754656,ゴルフクラブ激安百貨店PC),EC-CUBE,http://golf-gekiyasu.com,,
247,SA00477801,0011000000scasnAAA,SP00750138,家具インッア通販 ippomePC,EC-CUBE,http://yukonsite.com,,
248,SA00477814,0011000000rFTTOAA4,SP00748584,ッソーレ・小麦ご,EC-CUBE,https://delsole-komugigohan.jp/shop/,,EC-CUBE
249,SA00517586,0015F00001BxKEqQAN,SP00828328,レイナ　オロッヂエルト　PC・スマ,EC-CUBE,https://reinaltd.com/lp/,https://reinaltd.com/shopping/,
250,SA00501956,0015F000017uXRtQAM,SP00807152,super elestial　EC-CUBEPC・スマ,EC-CUBE,http://super-elestial.com,,
251,SA00501971,0015F000017ubINQAY,SP00807160,ヂアフルラン独自サイト　PC・スマ,EC-CUBE,http://islemid.jp/diafullrun/index_hourei.html,,
252,SA00511961,0015F00001A74kDQAR,SP00824403,GENTIL BANDITオフィシャルオンラインストア PC・スマ,EC-CUBE,http://shop.gentilbandit.com/,http://shop.gentilbandit.com/user_data/guide.php,EC-CUBE
253,SA00508425,0015F000017qXoIQAU,SP00817101,白寿の オンラインショ PC・スマ,EC-CUBE,http://reason-why.jp/hakuju/,http://repeat-order.com/tanoshii_seiyaku/html/order/index.php,
254,SA00507720,0015F000018ixxcQAA,SP00815643,アニメイトオンラインショ　PC・スマ・フィーチャーフォン,EC-CUBE,http://www.animate-onlineshop.jp/,,EC-CUBE
255,SA00477836,0011000000tAOHVAA4,SP00750152,シルフィホワイト　PC・スマ,EC-CUBE,http://www.cheers-life.com/sylphy/,,
256,SA00517084,0015F00001D0h1nQAB,SP00830270,EQUL,EC-CUBE,http://equl.jp/,,EC-CUBE
257,SA00512184,0015F00001AP4ziQAD,SP00824569,おいしい産業 インターネット店PC・スマ,EC-CUBE,http://oic.co.jp,,EC-CUBE
258,SA00485604,00110000011woFUAAY,SP00774388,メガネ本舗オンラインショ  PC・スマ,EC-CUBE,http://ec.meganehompo.co.jp/,,
259,SA00514387,0015F00001BvHwVQAV,SP00826884,未記入,EC-CUBE,https://seikado.net,,EC-CUBE
260,SA00477904,0011000000tBEHRAA4,SP00750178,全国牧場直送便PC),EC-CUBE,http://www.bokujochoku.com/,,EC-CUBE
261,SA00477985,0011000000rGVD9AAO,SP00748614,ドワンゴジェイピストアPC・スマ,EC-CUBE,http://jpstore.dwango.jp,,EC-CUBE
262,SA00478015,0011000000IanpGAAR,SP00652965,アニモファミルPC・スマ,EC-CUBE,http://shop.animaux-famille.jp,,
263,SA00478014,0011000000IanpGAAR,SP00652965,ホワイトカルレPC・スマ,EC-CUBE,http://shop.whitecalle.jp,,
264,SA00506768,0015F000018ffCXQAY,SP00814230,サプリメント，食品添_物食品エコ系洗剤通信販売のマルゴPC・スマ,EC-CUBE,http://www.marugo.org/,,
265,SA00477944,0011000000IakobAAB,SP00641601,SHINY　PRO　SHOP　PC・スマ,EC-CUBE,http://wbw.co.jp/pro/,,
266,SA00482437,0011000000yfJXsAAM,SP00770705,ウメケン販売オンラインストア　PC・スマ,EC-CUBE,http://umeken-h.info,,
267,SA00513293,0015F00001B8ptCQAR,SP00825411,ズバットナーPC,EC-CUBE,http://www.zubattoner.com/,,EC-CUBE
268,SA00478040,0011000000tBuO4AAK,SP00750245,7+EnglishPC・スマ,EC-CUBE,https://7plus-e.com/ad-lp/,,
269,SA00518882,0015F00001D3GmXQAV,SP00831233,職人工房　EC-CUBE PC・スマ,EC-CUBE,https://sk-hanko.com,https://sk-hanko.com/user_data/payment.php,EC-CUBE
270,SA00486655,0011000000IamMfAAJ,SP00647453,手作りコスメ　プチマルシェＰ・スマ,EC-CUBE,http://www.anna-t-cosme.co.jp/,,
271,SA00508994,0015F0000193lV6QAI,SP00819136,KAMARQカマルク PC・スマ,EC-CUBE,http://kamarq.jp,,
272,SA00478111,0011000000tCb0bAAC,SP00750271,Everyday　Wellness　PC・スマ,EC-CUBE,http://everydaywellness.jp,,
273,SA00478108,0011000000tCa0cAAC,SP00750269,めぐふるPC・スマ,EC-CUBE,http://megufull.com,,
274,SA00478109,0011000000tCaKEAA0,SP00750270,みどり家ECショ　PC・スマ,-,http://midoriya-foods-shop.com,,
275,SA00512041,0015F00001AOjZRQA1,SP00824493,ビタトル公式オンラインショ　PC・スマ,EC-CUBE,http://vitatreal.jp/,http://vitatreal.jp/user_data/howToOrder.php,EC-CUBE
276,SA00478220,0011000000tDUAmAAO,SP00750308,almaオンラインショーPC・スマ,EC-CUBE,http://shop.alma.company/,,EC-CUBE
277,SA00478319,0011000000bfhjXAAQ,SP00733473,ナイフショ　レプートPC・スマ,EC-CUBE,http://repmart.org,,
278,SA00479990,0011000000vcPh2AAE,SP00753323,EARL　EC-CUBEPC,EC-CUBE,http://www.earl-select.jp,,EC-CUBE
279,SA00478320,0011000000bfhjXAAQ,SP00733473,レプート　ハンドクラフトPC・スマ,EC-CUBE,http://repmart.biz,,
280,SA00498528,0011000000Iar8vAAB,SP00665811,フレヂュクリー_PC・スマ,EC-CUBE,http://freshcream.jp,,EC-CUBE
281,SA00507744,0015F000018jMQSQA2,SP00815661,ギ_リス公式販売サイト　PC・スマ,EC-CUBE,http://gimuris.com,,
282,SA00502097,0015F000017yRdnQAE,SP00807330,時計専門店Search　watch　PC・スマ,EC-CUBE,http://searchwatch.net,,EC-CUBE
283,SA00508430,0015F0000191UaAQAU,SP00817104,オフィス家具通販のオフィスコ_　EC-CUBEPC・スマ,EC-CUBE,http://www.office-com.jp,,EC-CUBE
284,SA00509996,0015F000019K8BXQA0,SP00821421,住森 EC-CUBE PC・スマ,EC-CUBE,http://www.sumai-mori.net,,EC-CUBE
285,SA00509995,0015F000019K8BXQA0,SP00821421,生活 EC-CUBE PC・スマ,EC-CUBE,http://www.seikatsu-do.com,,EC-CUBE
286,SA00509995,0015F000019K8BXQA0,SP00821421,生活 EC-CUBE PC・スマ,EC-CUBE,http://www.seikatsu-do.com,,EC-CUBE
287,SA00511030,0015F00001A5grSQAR,SP00823623,住宅設備超特価専門店生活 EC-CUBE PC・スマ,EC-CUBE,http://www.seikatsu-do.com,,EC-CUBE
288,SA00511030,0015F00001A5grSQAR,SP00823623,住宅設備超特価専門店生活 EC-CUBE PC・スマ,EC-CUBE,http://www.seikatsu-do.com,,EC-CUBE
289,SA00478362,0011000000tEQeMAAW,SP00750391,キヂアパレルショオーガニック　PC・スマ,EC-CUBE,http://www.kidsapparel-organic.com,,
290,SA00488692,00110000014boIgAAI,SP00780928,nunonaの布プキン　EC-CUBEPC・スマ,EC-CUBE,http://nunona.jp,,EC-CUBE
291,SA00511009,0011000000IaraLAAR,SP00667511,ColorsPC・スマ,EC-CUBE,http://www.shinko-colors.co.jp/ecc/,,EC-CUBE
292,SA00478400,0011000000tz4f4AAA,SP00750409,Lu　Felice　HPPC・スマ,EC-CUBE,http://lufelice.jp,,EC-CUBE
293,SA00495401,0011000000tE9duAAC,SP00750348,コスメショライチェ EC-CUBE PC・スマ,EC-CUBE,http://licha.net/ecshop/,,EC-CUBE
294,SA00509818,0015F000019JpYpQAK,SP00821311,ｂｉ エビップ　PC・スマ,EC-CUBE,http://ebip.jp/,http://ebip.jp/user_data/guide.php,EC-CUBE
295,SA00478458,,,自社EC,EC-CUBE,http://www.bikengroup.co.jp/cart/,,EC-CUBE
296,SA00478517,0011000000u0MbqAAE,SP00750457,お肌マルシェPC・スマ・フィーチャーフォン,EC-CUBE,http://ohada-marche.com,,
297,SA00486716,00110000013FIhhAAG,SP00775835,蓮丈工房(ろたす工房) PC・スマ,EC-CUBE,http://www.lotusweets.info/,,EC-CUBE
298,SA00511342,0015F000017rhVyQAI,SP00804288,マユライズ公式HPPC・スマ,EC-CUBE,http://lit-p.com/mayurise_kan/,http://lit-p.com/mayurise_kan/,
299,SA00487529,001100000148IhOAAU,SP00778294,ライトハウスビューヂＰ・スマ・フィーチャーフォン,EC-CUBE,http://lighthousebeauty.jp,,EC-CUBE
300,SA00495424,0015F000016UU4lQAG,SP00797664,フィントオンラインストアＰ・スマ・モバ,EC-CUBE,http://www.fint-shop.com,,EC-CUBE
301,SA00487559,0011000000Ias7BAAR,SP00669547,KOSKINGPC・スマ,EC-CUBE,http://www.cosking.info/,,
302,SA00487591,001100000148e1IAAQ,SP00778323,PSSHOPPC・スマ,EC-CUBE,http://psshop.jp/index.php/,,EC-CUBE
303,SA00445925,0011000000MoyCWAAZ,SP00697266,有限会社スプリングウッカンパニー,EC-CUBE,http://www.springwood.co.jp,,EC-CUBE
304,SA00445995,0011000000MpjtmAAB,SP00697361,CoSmile,EC-CUBE,http://www.ochanokoushou.com/,,
305,SA00447094,0011000000NSyFBAA1,SP00700070,株式会社ラスペス,EC-CUBE,http://laspace.biz,,
306,SA00447106,0011000000IaspjAAB,SP00672309,PPN,EC-CUBE,http://theppn.jp/,,EC-CUBE
307,SA00447152,0011000000NT7fgAAD,SP00700112,アニー湯PC),EC-CUBE,http://www.animaryu.net,,EC-CUBE
308,SA00447164,0011000000NT8yFAAT,SP00700119,マンゴー屋さ.com,EC-CUBE,http://www.mangoyasan.com,,EC-CUBE
309,SA00450055,0011000000OcGqEAAV,SP00705099,ぷてほべるじ,EC-CUBE,http://www.petit-verger.com/,,
310,SA00447237,0011000000NTWgWAAX,SP00700185,日本第一製薬,EC-CUBE,http://www.jp-no1.co.jp/,,
311,SA00447251,0011000000NTZZ9AAP,SP00700201,合同会社Columpass,EC-CUBE,http://macitem.com/shop/html,,
312,SA00447254,0011000000NTZZDAA5,SP00700205,株式会社ジェイホルヂングス,EC-CUBE,http://j-style-web.jp/,,
313,SA00447372,0011000000NULZ4AAP,SP00700302,医食同源ドッコ_,EC-CUBE,http://www.ishokudogen.com,,
314,SA00447406,0011000000NphfAAAR,SP00700333,株式会社K・M・R,EC-CUBE,http://kmr.jp/shop,,
315,SA00450493,0011000000Od5ZnAAJ,SP00705494,株式会社ヒットエンドラン,EC-CUBE,http://www.ec-hitandrun.com/,,
316,SA00517349,0015F00001D09GaQAJ,SP00830065,ヘンプシードオイル スマ,EC-CUBE,http://wellness-glanz.com/asano-sizuku/sp/,,
317,SA00447261,0011000000NTa8RAAT,SP00700210,株式会社グレビス,EC-CUBE,http://www.smaphopierce.com,,
318,SA00447277,0011000000NTszpAAD,SP00700220,株式会社セレナイ,-,http://e-lapis.jp,,
319,SA00447316,0011000000NTuYWAA1,SP00700226,株式会社ノニアル,EC-CUBE,http://kajukukoso.jp,,EC-CUBE
320,SA00447319,0011000000IarOVAAZ,SP00666877,舞椿ドットコ_,EC-CUBE,http://www.mai-tsubaki.com/,,EC-CUBE
321,SA00450464,0011000000Od2b6AAB,SP00705484,_茂繊維株式会社　PC),EC-CUBE,http://www.bsfine.com,,EC-CUBE
322,SA00450468,0011000000Od2bAAAR,SP00705488,有限会社フリージュ,EC-CUBE,http://freege.co.jp/shopping,,
323,SA00448112,0011000000NTXLbAAP,SP00700195,株式会社クレ,EC-CUBE,http://www.saya-cosme.com/,,
324,SA00447398,0011000000NUR7XAAX,SP00700325,株式会社フラワーショヤ,EC-CUBE,http://www.yama1187.com,,
325,SA00447404,0011000000NphH9AAJ,SP00700331,ソーシャルコンッッークス株式会社,EC-CUBE,http://yamasakimarina.com,,
326,SA00453046,0011000000Stq6LAAR,SP00710172,株式会社ミヂア,EC-CUBE,http://gyuttoshape.jp/shop/,,
327,SA00447467,0011000000NUX9mAAH,SP00700330,株式会社ヂーラーニング,EC-CUBE,http://dokugaku-dx.com,,EC-CUBE
328,SA00447497,0011000000Nqj7LAAR,SP00700390,卻田製砥株式会社,-,http://seight.jp,,EC-CUBE
329,SA00447489,0011000000NrHR6AAN,SP00700409,シーズンのオンラインショー確認中,EC-CUBE,http://foods.season.ne.jp,,EC-CUBE
330,SA00447491,0011000000NrHR8AAN,SP00700411,anynext株式会社,EC-CUBE,http://www.be-create.jp,,
331,SA00447521,0011000000NrgY8AAJ,SP00700435,_華堂　PC・スマ,EC-CUBE,http://www.fuji-seikado.jp,,EC-CUBE
332,SA00448123,0011000000NtBVKAA3,SP00701810,_の牡蠣,EC-CUBE,http://www.takumikaki.com,,
333,SA00447557,0011000000IarMPAAZ,SP00666647,松前さくら漁業協同結,EC-CUBE,http://sakura-maguro.com/,,EC-CUBE
334,SA00469172,0011000000bhc2MAAQ,SP00739090,GREENTOUR　PC・スマ,EC-CUBE,http://greentour.co.jp,,EC-CUBE
335,SA00450095,0011000000OcI1BAAV,SP00705130,ヂガジェッ(PC、スマ),EC-CUBE,http://dezagadget.com/,,
336,SA00448186,0011000000NtJtQAAV,SP00701849,有限会社ルチインベストメン,EC-CUBE,http://eagle-publishing.net/,,
337,SA00448230,0011000000NUHCYAA5,SP00700296,株式会社アールライ,EC-CUBE,http://rlife.co.jp/,,
338,SA00448647,0011000000NtDK5AAN,SP00701825,株式会社スタジオライン,EC-CUBE,http://www.agica.jp,,EC-CUBE
339,SA00498432,0015F0000171mRQQAY,SP00800221,花織オンラインショ　(PC・スマ),EC-CUBE,http://kaori.life,,
340,SA00448682,0011000000Oa5kQAAR,SP00703094,妻有餭 白,EC-CUBE,http://gyoza-hakuryu.com,,
341,SA00448783,0011000000LEycWAAT,SP00695535,有限会社トクマルプリック,EC-CUBE,http://futo-p.com/store,,EC-CUBE
342,SA00448734,0011000000OZzFMAA1,SP00703082,株式会社マキノトレーヂング,EC-CUBE,http://www.maquino.jp,,
343,SA00448735,0011000000OZzFMAA1,SP00703082,株式会社マキノトレーヂング,EC-CUBE,http://www.josephjoseph.jp,,EC-CUBE
344,SA00448736,0011000000OZzFMAA1,SP00703082,株式会社マキノトレーヂング,EC-CUBE,http://kt.maquino.jp,,
345,SA00448739,0011000000OaMYsAAN,SP00703138,株式会社アレグロマケヂング,EC-CUBE,http://www.allegro-inc.com/,,EC-CUBE
346,SA00448771,0011000000Nt2m3AAB,SP00701780,都,-,http://miyako-wk.co.jp/ec/html/,,
347,SA00449188,0011000000IaqWMAAZ,SP00663420,ガーッサイ,EC-CUBE,http://www.gardensite.biz/,,EC-CUBE
348,SA00460679,0011000000Ian02AAB,SP00649994,ジュエルプラネット　EC-CUBEPC・スマ,EC-CUBE,http://jewel-planet.jp,,
349,SA00449202,0011000000OagGCAAZ,SP00704395,セリュールショーPC・スマ,EC-CUBE,http://cellule-shop.jp,,EC-CUBE
350,SA00450213,0011000000OcT5zAAF,SP00705274,anynext株式会社,EC-CUBE,http://www.talecos.com,,
351,SA00449214,0011000000NtChUAAV,SP00701822,ルビ・グルー 株式会社,EC-CUBE,http://esteban.co.jp,,
352,SA00460680,0011000000Ian02AAB,SP00649994,ピアスプラネット　EC-CUBEPC・スマ,EC-CUBE,http://pierce-planet.com,,
353,SA00449380,0011000000OanZ2AAJ,SP00704532,株式会社メインストリー,EC-CUBE,http://bb-cream.jp,,
354,SA00449371,0011000000OamyeAAB,SP00704519,株式会社アイプラヂ,EC-CUBE,http://iplatina.co.jp/,,
355,SA00449449,0011000000NTBboAAH,SP00700126,岩塩マルシェ,EC-CUBE,http://www.rocksalt.jp/,,
356,SA00449521,0011000000Ob4L8AAJ,SP00704665,BeautyDepart　PC・スマ・フィーチャーフォン,EC-CUBE,http://www.beautydepart.com,,EC-CUBE
357,SA00449533,0011000000Ob4juAAB,SP00704676,IPPOME,EC-CUBE,http://www.yukonsite.com,,
358,SA00449659,0011000000ObYJIAA3,SP00704789,PetitCochon,EC-CUBE,http://www.petitcochon.net,,EC-CUBE
359,SA00449785,0011000000OalctAAB,SP00704480,ナイントゥエルヴ,Ec-CUBE,http://fla2.net,,
360,SA00450655,0011000000OdX15AAF,SP00705618,マニス・コスメヂクス株式会社,EC-CUBE,http://www.vegetablecolor.jp,,
361,SA00450655,0011000000OdX15AAF,SP00705618,マニス・コスメヂクス株式会社,EC-CUBE,http://www.vegetablecolor.jp,,
362,SA00460602,0011000000WvY6KAAV,SP00723134,ベジタブルカラーPC・スマ,EC-CUBE,http://www.vegetablecolor.jp,,
363,SA00460602,0011000000WvY6KAAV,SP00723134,ベジタブルカラーPC・スマ,EC-CUBE,http://www.vegetablecolor.jp,,
364,SA00450696,0011000000OdbbmAAB,SP00705645,株式会社ベルネッ,EC-CUBE,http://www.mycereal.jp,,EC-CUBE
365,SA00450690,0011000000OdaDDAAZ,SP00705643,ゴラヂ,EC-CUBE,http://gol-azo.com,,
366,SA00450699,0011000000OdcBnAAJ,SP00705647,有限会社 T.S.T TOKYO,EC-CUBE,http://www.winenot.jp,,
367,SA00492932,0015F0000166EbOQAU,SP00794355,リコラボ通販サイトPC,EC-CUBE,http://www.ricolabo.jp,,
368,SA00500295,0015F000017s3gTQAQ,SP00804326,検査機器通販こうたろぼPC・スマ,EC-CUBE,http://kootaro.com/,,EC-CUBE
369,SA00492976,0015F0000166S4dQAE,SP00794376,I.D.Clothing HeartPC・スマ・モバ,EC-CUBE,http://www.idheart.net,,EC-CUBE
370,SA00492985,0015F0000166U3DQAU,SP00794382,Shisha-Lab　PC・スマ,EC-CUBE,http://aa161fovmb.smartrelease.jp/joyetech/,,
371,SA00496432,0015F0000170E8vQAE,SP00798449,国際サンゴPC・スマ,EC-CUBE,https://www.k-sango.com,,
372,SA00513101,0015F00001B8LMLQA3,SP00825189,北琉興産オンラインショ PC・スマ・モバ,EC-CUBE,http://www.hokuryu-k.co.jp,http://www.hokuryu-k.co.jp/guide/index.php,EC-CUBE
373,SA00493070,0015F0000166qKuQAI,SP00794403,コーエィレンタルショ　WEB・FAX,EC-CUBE,http://www.koei-rental.com/,,EC-CUBE
374,SA00493140,0015F000016723qQAA,SP00794428,学校用哼ｎｅｔPC・スマ,EC-CUBE,https://www.gakkouyouhin.net,,EC-CUBE
375,SA00493209,00110000014buRpAAI,SP00785499,沖縂ロエ ー_ペジPC・スマ,ECCUBE,http://www.okinawaaloe.com,,EC-CUBE
376,SA00493305,0015F000015Wk3iQAC,SP00792909,業務用調味.ラーメンの足立商店（モバ,EC-CUBE,http://www.adachishouten.com/mbp,,
377,SA00493304,0015F000015Wk3iQAC,SP00792909,業務用調味.ラーメンの足立商店（スマ,EC-CUBE,http://www.adachishouten.com/smp,,
378,SA00493427,0011000000UIIp0AAH,SP00711736,ウェルネス百貨店PC・スマ,EC-CUBE,http://ウェルネス百貨.com/,,
379,SA00493479,0015F0000167w9eQAA,SP00794525,ホン・モノケイカク公式サイト（Ｐ・スマ,EC-CUBE,http://hon-mono-keikaku.com,,EC-CUBE
380,SA00493474,0015F0000167tIBQAY,SP00794523,地のもファー_オンラインショーPC・スマ,EC-CUBE,https://jinomono.net/,,EC-CUBE
381,SA00493474,0015F0000167tIBQAY,SP00794523,地のもファー_オンラインショーPC・スマ,EC-CUBE,https://jinomono.net/,,EC-CUBE
382,SA00485540,0011000000IasSgAAJ,SP00670880,地のもファー_(PC),EC-CUBE,https://jinomono.net/,,EC-CUBE
383,SA00485540,0011000000IasSgAAJ,SP00670880,地のもファー_(PC),EC-CUBE,https://jinomono.net/,,EC-CUBE
384,SA00493482,0015F000015WFnRQAW,SP00792844,オココロ。PC・スマ,EC-CUBE,http://www.okokoro.com/,,
385,SA00511930,00110000013DleOAAS,SP00775767,レゴエッケーション通販「SUZUMORI.online」　PC・スマ,EC-CUBE,http://www.suzumori.online/,,
386,SA00493581,0015F0000168kFDQAY,SP00794572,淡路ごちそう館 御食国 ネットショ本店PC・スマ・モバ,EC-CUBE,http://shop.miketsu.jp/,,EC-CUBE
387,SA00510101,0011000000IajfAAAR,SP00637068,アル-CPC,EC-CUBE,http://www.upll-c.com/,,
388,SA00493702,0015F0000169voCQAQ,SP00794626,竹之助PC・スマ,EC-CUBE,http://takenosuke.com/shop/,,EC-CUBE
389,SA00507493,0015F000018i9HEQAY,SP00815494,WUKオンラインストア　PC・スマ,EC-CUBE,http://wuk.jp,http://wuk.jp/user_data/pay.php,EC-CUBE
390,SA00511833,0015F00001A5ZZzQAN,SP00823586,EC-CUBE　PC・スマ,EC-CUBE,http://aimoha.com,http://aimoha.com/user_data/shipping.php,EC-CUBE
391,SA00517348,0015F00001D09GaQAJ,SP00830065,ヘンプシードオイル PC,EC-CUBE,http://wellness-glanz.com/asano-sizuku/,,
392,SA00512529,0015F00001957nkQAA,SP00816748,ARPASS PC・スマ,EC-CUBE,https://beauty.arpass.jp/,,EC-CUBE
393,SA00449565,0011000000ObDfeAAF,SP00704707,株式会社トラストメリーカンパニー,EC-CUBE,http://roys-webstore.com/,,
394,SA00449662,0011000000ObZK3AAN,SP00704790,株式会社メヂアラスタライズ,EC-CUBE,http://s.galoo.jp/,,EC-CUBE
395,SA00449762,0011000000ObnCgAAJ,SP00704891,ANGELICAPC・スマ・フィーチャーフォン,EC-CUBE,http://www.bikiniwax.jp/ec/,,
396,SA00449777,0011000000ObnyDAAR,SP00704900,株式会社FULL COMMISSION,EC-CUBE,http://mi-light.jp,,
397,SA00449776,0011000000ObnyDAAR,SP00704900,株式会社FULL COMMISSION,EC-CUBE,http://www.yukonsite.com/,,
398,SA00449776,0011000000ObnyDAAR,SP00704900,株式会社FULL COMMISSION,EC-CUBE,http://www.yukonsite.com/,,
399,SA00482037,0011000000IatkbAAB,SP00675826,YUTORI(ユトリ)PC・スマ,EC-CUBE,http://www.yukonsite.com/,,
400,SA00482037,0011000000IatkbAAB,SP00675826,YUTORI(ユトリ)PC・スマ,EC-CUBE,http://www.yukonsite.com/,,
401,SA00455367,0011000000UISZfAAP,SP00715412,チュフディナチュールECストアPC・スマ・フィーチャーフォンフォン,EC-CUBE,http://www.chufudi.jp,,EC-CUBE
402,SA00450569,0011000000OdJpjAAF,SP00705550,株式会社田中蒲鉾本,EC-CUBE,http://www.tanakama.co.jp,,EC-CUBE
403,SA00453098,0011000000LFFGAAA5,SP00695632,サンシヂ,EC-CUBE,http://www.sancity.jp,,EC-CUBE
404,SA00453097,0011000000OdKRdAAN,SP00705553,よざわ農,EC-CUBE,http://www.yonezawafarm.com/,,
405,SA00450726,0011000000OdezSAAR,SP00705660,ReLife,-,http://relife.myshop-m.com,,EC-CUBE
406,SA00467881,0011000000bgwthAAA,SP00736414,スルスルこうそPC・スマ・モバイル,EC-CUBE,http://www.surusuru.jp,,
407,SA00450805,0011000000OdoKHAAZ,SP00705710,博多美人研究所,EC-CUBE,http://www.jbc.jp,,EC-CUBE
408,SA00450874,0011000000IapyGAAR,SP00661315,MTG OnlineShop,EC-CUBE,http://www.mtgec.jp/,,
409,SA00450869,0011000000OdsvQAAR,SP00705904,ニューック株式会社,EC-CUBE,http://kochoran-oiwai.com/,,EC-CUBE
410,SA00450949,0011000000SqCHZAA3,SP00705945,make room,EC-CUBE,http://www.web-makeroom.com/,,
411,SA00450962,0011000000SqCIKAA3,SP00705952,河淳株式会社,EC-CUBE,http://shop-kawajun.jp,,
412,SA00453112,0011000000SuAK6AAN,SP00710219,_敵なご褒,EC-CUBE,http://sutekinagohoubi.com,,
413,SA00498440,0015F000016QlZbQAK,SP00794637,FANTASPC・スマ,EC-CUBE,http://www.netkagu.jp/,,EC-CUBE
414,SA00451576,0011000000SrAhbAAF,SP00707373,,EC-CUBE,http://and-furniture.net,,EC-CUBE
415,SA00451577,0011000000SrAhcAAF,SP00707374,MICOAMERI　ONLINE　PC・スマ,EC-CUBE,http://micoameri.jp/,https://micoameri.jp/order/?from=footer,
416,SA00451565,0011000000Sr9sDAAR,SP00707363,シンコー・インターナショナル,EC-CUBE,http://caranome.com,,
417,SA00451588,0011000000SrBkIAAV,SP00707381,イー楽器ドットコ_(PC、スマ),EC-CUBE,http://www.egakki.com/,,EC-CUBE
418,SA00451621,0011000000SrHQqAAN,SP00707411,TOTAL×BEARING,EC-CUBE,http://www.total-kog.com/,,EC-CUBE
419,SA00451742,0011000000Sro40AAB,SP00707477,Girly Select,EC-CUBE,http://www.girly-select.com/,,
420,SA00451749,0011000000SroZlAAJ,SP00707481,株式会社カスタ,EC-CUBE,http://www.majopla.jp,,EC-CUBE
421,SA00454029,0011000000UHb8kAAD,SP00711703,すまあ直送便,EC-CUBE,http://sumachoku.jp/,,EC-CUBE
422,SA00454029,0011000000UHb8kAAD,SP00711703,すまあ直送便,EC-CUBE,http://sumachoku.jp/,,EC-CUBE
423,SA00470407,0011000000i5jiQAAQ,SP00739571,"すまあ直送便	PC",EC-CUBE,http://sumachoku.jp/,,EC-CUBE
424,SA00470407,0011000000i5jiQAAQ,SP00739571,"すまあ直送便	PC",EC-CUBE,http://sumachoku.jp/,,EC-CUBE
425,SA00451759,0011000000SrpvWAAR,SP00707484,中古物流機器com,EC-CUBE,http://www.chuko-matehan.com/,,EC-CUBE
426,SA00451778,0011000000SrqrLAAR,SP00707493,Celebs Green Juice,EC-CUBE,http://celeb-gj.com/,,
427,SA00451815,0011000000SsfjuAAB,SP00707513,Peach,EC-CUBE,http://p-ch.co.jp,,
428,SA00454068,0011000000UI0lBAAT,SP00711717,美自慢,EC-CUBE,http://bikyaku-ziman.com/shop,,
429,SA00451829,0011000000Ssh4sAAB,SP00707524,アンヂナ　ギフトスタジオ　EC-CUBEPC・スマ,EC-CUBE,https://antina.jp/,,EC-CUBE
430,SA00460714,0011000000WvebkAAB,SP00723202,STORIA　ジャパン　PC,EC-CUBE,http://www.storia-jp.com/lp-product01-01/,,
431,SA00453166,0011000000UGmWZAA1,SP00710242,Signum,EC-CUBE,signumfirenze.jp,,
432,SA00512521,0015F00001B6PFmQAN,SP00824810,LaveauPC・スマ・フィーチャーフォン,EC-CUBE,http://www.laveau.jp,,
433,SA00451814,0011000000SsfirAAB,SP00707512,株式会社ブルドッグ,EC-CUBE,http://rodeo-punch.com,,
434,SA00454067,0011000000UI0jUAAT,SP00711716,快臭リフレ,EC-CUBE,http://kaishu-refre.com/shop,,
435,SA00454070,0011000000UI0msAAD,SP00711718,ラ・ビュー,EC-CUBE,http://love-quartz.jp/shop,,
436,SA00457529,0011000000UJl8AAAT,SP00716412,イワタニi-COLLECT,EC-CUBE,http://www.iwatani-i-collect.com,,EC-CUBE
437,SA00451911,0011000000SqFH9AAN,SP00706021,グランドサン株式会社,EC-CUBE,http://grand-sun.co.jp,,
438,SA00452367,0011000000St8ZpAAJ,SP00708801,有限会社エヌシー・シー,EC-CUBE,http://www.livlax.jp,,
439,SA00452387,0011000000StDRLAA3,SP00708811,sound PRESS,EC-CUBE,http://www.sound-press.jp/,,EC-CUBE
440,SA00452388,0011000000StDRLAA3,SP00708811,印刷通販 プリンパッ,EC-CUBE,http://www.prinpa.net/,,
441,SA00452441,0011000000StLYIAA3,SP00708838,Sky Trail,EC-CUBE,http://skytrail.jp,,
442,SA00452488,0011000000StPjoAAF,SP00708867,エクストリー_　PC・スマ,EC-CUBE,http://x-tream.jp,,EC-CUBE
443,SA00460973,0011000000WviOMAAZ,SP00723472,ｅ　Store　PC・スマ・フィーチャーフォン,EC-CUBE,http://www.nabestore.com,,EC-CUBE
444,SA00452564,0011000000StbmFAAR,SP00708913,株式会社カリフォルニア・ファンシーEggコーポレーション,EC-CUBE,http://few-lesson.com,,
445,SA00452605,0011000000IammaAAB,SP00649060,オリエンタルバイオ,EC-CUBE,http://www.orientalbio.co.jp,,
446,SA00453315,0011000000NsQt9AAF,SP00700510,株式会社AOKI,EC-CUBE,http://www.aoki-style.com/,,
447,SA00457786,0011000000UJsLzAAL,SP00716561,マツヤクSHOP　EC-CUBEPC・スマ,EC-CUBE,http://shop.matsuo-yakuhin.co.jp/,,EC-CUBE
448,SA00454242,0011000000UIP1oAAH,SP00711810,中山啺,-,http://www.nakayamashouten.com,,
449,SA00472640,0011000000mBQD1AAO,SP00743176,ふるさと産直村PC、スマ,EC-CUBE,http://tuuhan.co.jp,,EC-CUBE
450,SA00453454,0011000000UHB4DAAX,SP00710433,rere,EC-CUBE,http://rere.co.jp/,,
451,SA00453467,0011000000UHCpHAAX,SP00710438,JDA SHOPPING,EC-CUBE,http://jdaclub.jp/jdashop/,,
452,SA00453482,0011000000UHHP6AAP,SP00710446,グレース企画　EC-CUBEPC・スマ,EC-CUBE,http://www.graceplanning.net/,,
453,SA00453483,0011000000UHHP6AAP,SP00710446,撮影機材専門 MEIKA　EC-CUBEPC・スマ・フィーチャーフォン,EC-CUBE,http://www.meika-art.jp/,,EC-CUBE
454,SA00464165,0011000000Wwk1IAAR,SP00731262,美食市　Ｐ・スマ,-,http://www.bishoku-ichi.jp/,,EC-CUBE
455,SA00487590,001100000148dtEAAQ,SP00778322,RAD MARKET By BLACK MORAL(PC),EC-CUBE,http://rad-blackmoral.com/,,
456,SA00480751,0011000000wDcI2AAK,SP00754704,ペットシアPC・スマ,EC-CUBE,http://petsia.net,,
457,SA00454191,0011000000UIMYLAA5,SP00711778,腕時計_,EC-CUBE,http://www.watch-tokyo.com,,
458,SA00457925,0011000000WuggpAAB,SP00716715,バレーボルチャンネルPC、モバ,EC-CUBE,http://volleyball-ch.tv/,,EC-CUBE
459,SA00455606,0011000000UJ5tZAAT,SP00715503,完熟農園大桱　PC、スマ,EC-CUBE,http://www.daitouya.com,,
460,SA00455653,0011000000UJ6akAAD,SP00715513,KESHIKIFORKIDS　PC・スマ・フィーチャーフォン,EC-CUBE,http://www.keshikiforkids.com/,,
461,SA00455725,0011000000UJAUDAA5,SP00715552,BLOC,EC-CUBE,https://store.blocclothing.com,,
462,SA00457261,0011000000UJcXrAAL,SP00716249,ひめしょち(PC・モバ,EC-CUBE,https://www.hyakushojuku.com,,
463,SA00456543,0011000000UJIO8AAP,SP00715940,メヂプラスネットPC,EC-CUBE,http://www.mediplus-net.com/,,EC-CUBE
464,SA00456548,0011000000UJIOAAA5,SP00715942,会津夢の郷PC・スマ,EC-CUBE,http://www.greenserv.co.jp,,EC-CUBE
465,SA00457270,0011000000UJcZuAAL,SP00716257,無双蔵オンラインショ　PC・モバ,EC-CUBE,http://www.kura-musou.net,,
466,SA00461634,0011000000WvuXmAAJ,SP00724847,ユニフォー_ネット．コ_　EC-CUBEPC・スマ,EC-CUBE,http://www.uniform-net.com/,,
467,SA00461620,0011000000UJYJfAAP,SP00716207,文具店TAG本店PC・フィーチャーフォン,EC-CUBE,http://www.takedajimuki.co.jp/,,
468,SA00461625,0011000000Ob4kTAAR,SP00704681,鹿児島餭　珊瑚亭(PC、スマ),EC-CUBE,http://www.35tei.com,,
469,SA00460466,0011000000WvHwbAAF,SP00723042,細足美人,EC-CUBE,http://saisoku-bizin.com,,
470,SA00456795,0011000000UJOemAAH,SP00716042,パニープロブレ_,EC-CUBE,http://panyprobleme.com,,
471,SA00461362,0011000000UJIMxAAP,SP00715917,D　COLLECTION　PC・スマ・フィーチャーフォン,EC-CUBE,http://clubd.co.jp,,
472,SA00457038,0011000000UJUf0AAH,SP00716161,アールスタイルストア　EC-CUBEPC・モバ,EC-CUBE,http://store.rstyle1.co.jp/,,
473,SA00457040,0011000000UJUf2AAH,SP00716163,名産和歌山どっとこ〼PC,EC-CUBE,http://meisan-wakayama.com,,
474,SA00457044,0011000000UJUf5AAH,SP00716166,健康食品ハブティ通販オンラインショサフラン(PC、モバ両方),EC-CUBE,http://www.saffron-shop.net/,,EC-CUBE
475,SA00457090,0011000000UJW0DAAX,SP00716186,phocase　EC-CUBE,EC-CUBE,http://phocase.jp,,
476,SA00461408,0011000000WvnPLAAZ,SP00724703,ズバットナーEC-CUBE　PC・スマ,EC-CUBE,http://www.zubattoner.com,,EC-CUBE
477,SA00461743,0011000000Ww3W8AAJ,SP00724911,ザらウォーカー　PC・スマ・フィーチャーフォン,EC-CUBE,http://www.yabulovewalker.com,,EC-CUBE
478,SA00460545,0011000000WvS6AAAV,SP00723104,GirlyTypeガーリー・タイプ　PC・スマ,EC-CUBE,http://girlytype.rash.jp,,
479,SA00461508,0011000000WvoA0AAJ,SP00724791,プレシャス(PC・スマ),EC-CUBE,http://www.precious-contact.com/,,
480,SA00460562,0011000000IapxoAAB,SP00661283,ミキモール　PC・スマ,EC-CUBE,http://www.mikimall.jp/,,
481,SA00513265,0015F00001B8nWVQAZ,SP00825380,iqumoreイクモア　PC・スマ,EC-CUBE,http://iqumore.com/,,EC-CUBE
482,SA00511276,0015F000018fPYNQA2,SP00812959,ココマチギフト Ｐ・スマ,EC-CUBE,https://coco-machi.jp/gift/,https://coco-machi.jp/gift/help/guide,EC-CUBE
483,SA00482038,0011000000IatkbAAB,SP00675826,Moon:day(PC・スマ,EC-CUBE,http://www.moonday.org/,,EC-CUBE
484,SA00482035,0011000000xnPB7AAM,SP00760172,ベン・ワークウェアPC・スマ,EC-CUBE,http://www.venwork.com,,EC-CUBE
485,SA00481326,0011000000qz7U9AAI,SP00756054,ソランシアPC・スマ,EC-CUBE,http://www.soransia.com/user_data/soransia.php,,EC-CUBE
486,SA00481327,0011000000qz7U9AAI,SP00756054,キラリエPC・スマ,EC-CUBE,http://www.kirarie.com/user_data/kirarie.php,,
487,SA00482048,0011000000xnR8eAAE,SP00760179,お米通販　献上多古米販売　ヨロズヤ米穀店PC・スマ,EC-CUBE,http://ec.yorozuya-beikoku.com,,
488,SA00481345,0011000000wGiB6AAK,SP00756067,自社EC,EC-CUBE,http://www.xec.jp,,EC-CUBE
489,SA00463796,0011000000WwKY8AAN,SP00731016,BLESHオンラインショ(PC、スマ),EC-CUBE,http://www.blesh.jp,,
490,SA00457298,0011000000IakodAAB,SP00641603,DEPARTMENT(PC、モバどちらも),EC-CUBE,http://dept.mx,,
491,SA00484841,00110000010GI3eAAG,SP00773925,ReGeNe　E-STORE　PC・スマ,EC-CUBE,http://re-gene.jp/ec,,EC-CUBE
492,SA00461440,0011000000Wvnj4AAB,SP00724737,スッおさんのクヂー　オンラインストアPC・スマ・フィーチャーフォン,EC-CUBE,http://www.auntstella.co.jp/shop/,,
493,SA00461469,0011000000WvnjiAAB,SP00724772,スッオサウンドストアPC・スマ・モバイル,EC-CUBE,http://store.stereosound.co.jp,,EC-CUBE
494,SA00457210,0011000000UJZPBAA5,SP00716218,おいもオールスターズ,EC-CUBE,http://www.oimoallstars.com,,
495,SA00458049,0011000000UJYbzAAH,SP00716210,j9 ONLINE STORE(PC・モバ,EC-CUBE,http://j9-onlinestore.com/,,
496,SA00461748,0011000000OcIaNAAV,SP00705133,自社ショーPC,EC-CUBE,http://www.muraokafarm.com/,,EC-CUBE
497,SA00458079,0011000000IbesOAAR,SP00680239,介護用品百貨店PC,EC-CUBE,http://store.ansinkaigo.jp/,,
498,SA00458070,0011000000WunPOAAZ,SP00716803,cafetea.ｐ　PC・モバ,EC-CUBE,http://cafetea.jp,,
499,SA00460597,0011000000WvY60AAF,SP00723129,写真ケーキの洋菓子ミロ　PC・スマ,EC-CUBE,http://www.shashin-cake.com,,
500,SA00464177,0011000000WwaJcAAJ,SP00731188,HAKATA kometo (PC・スマ・フィーチャーフォン,EC-CUBE,http://www.kometo.net,,
501,SA00460614,0011000000WvYFnAAN,SP00723141,フエルモール　PC・モバ,EC-CUBE,http://www.fueru-mall.jp,,EC-CUBE
502,SA00458180,0011000000WushUAAR,SP00716845,Vi-move　PC,EC-CUBE,http://www.vi-move.jp,,
503,SA00461540,0011000000MqoJQAAZ,SP00697494,健康館 PC・スマ,EC-CUBE,http://www.kenkokan.co.jp/,,EC-CUBE
504,SA00461536,0011000000WcDPPAA3,SP00724804,【芸能人多数ご用】ラセンタ　PC・スマ・フィーチャーフォン,EC-CUBE,http://growthtokyo.info,,
505,SA00458209,0011000000Wuu67AAB,SP00716853,椿宗善(PC、モバ両方),EC-CUBE,http://tsubakisozen.co.jp/,,
506,SA00458234,0011000000Wuv9wAAB,SP00716863,有限会社長崎まちづくり屋　Ｐ・スマ,-,http://nagasaki-necktie.com,,
507,SA00460635,0011000000IamoxAAB,SP00649207,ナチュラルショ　PC,EC-CUBE,http://tokyobbc.com,,
508,SA00462128,0011000000Ww5jsAAB,SP00726115,ジモヂ　PC・スマ,EC-CUBE,http://www.jimotee.jp,,
509,SA00461570,0011000000Wvs2hAAB,SP00724823,宮崎県名産品専門店「みめき直伝」　Ｐ,-,http://www.m-jikiden.co.jp,,
510,SA00458274,0011000000Wux1dAAB,SP00716885,DAZZSHOP(PC、モバ、スマ),EC-CUBE,http://dazzshop.jp/,,
511,SA00458302,0011000000WuxxhAAB,SP00716896,BULK HOMME　ONLINE　STOREPC・スマ,EC-CUBE,http://bulk.co.jp,,
512,SA00458297,0011000000WuwHFAAZ,SP00716876,トレンドビューヂー　Ｐ・スマ・フィーチャーホン,-,http://trend-b.jp/,,
513,SA00458365,0011000000Wv29QAAR,SP00716932,ofclay store  PC・スマ・フィーチャーフォン,EC-CUBE,http://www.ofclay.jp,,
514,SA00458744,0011000000Wv4wuAAB,SP00718135,美road(PC、スマ),EC-CUBE,http://www.biroad.net,,
515,SA00464815,0011000000OdOIUAA3,SP00705565,四季彩ネット通販　PC・スマ,EC-CUBE,http://www.shikisai-jpn.com/,,
516,SA00458788,0011000000Wv6YRAAZ,SP00718155,"re.Tree(PC,スマ)",EC-CUBE,http://www.re-tree.jp/,,
517,SA00464191,0011000000Wwm8vAAB,SP00731276,エイジレスファクトリー 公式通販PC・スマ,EC-CUBE,http://www.agelessfactory.com/,,
518,SA00464198,0011000000WwmSOAAZ,SP00731282,ショキューブ　PC・スマ,EC-CUBE,http://shop-cube.jp,,EC-CUBE
519,SA00464198,0011000000WwmSOAAZ,SP00731282,ショキューブ　PC・スマ,EC-CUBE,http://shop-cube.jp,,EC-CUBE
520,SA00482153,0011000000xopGyAAI,SP00763248,ショキューブ　PC・スマ,EC-CUBE,http://shop-cube.jp,,EC-CUBE
521,SA00482153,0011000000xopGyAAI,SP00763248,ショキューブ　PC・スマ,EC-CUBE,http://shop-cube.jp,,EC-CUBE
522,SA00480067,0011000000vkRAsAAM,SP00753360,め_屋オンラインショーPC・スマ,EC-CUBE,http://momiji-yamadaya.co.jp/,,EC-CUBE
523,SA00458807,0011000000Wv86fAAB,SP00718165,トタルヘルスサポト　PC,EC-CUBE,http://www.total-health-support.co.jp/index.php,,EC-CUBE
524,SA00462921,0011000000WwCC6AAN,SP00728544,耳つぼジュエリー専門ショLufra(PC、スマ),EC-CUBE,http://shop.b-r-lufra.com,,
525,SA00462939,0011000000Oaj0nAAB,SP00704412,レヂースライフ_究所ECサイ(PC、スマ),EC-CUBE,http://prelia.jp,,
526,SA00472691,0011000000mBuprAAC,SP00743193,春帥　Ｐ・スマ,EC-CUBE,http://shunpanro.com,,
527,SA00464051,0011000000IajM9AAJ,SP00635893,バナースタンド_究所　Ｐ,-,http://www.bannerstand-labo-sw.com,,
528,SA00463882,0011000000WwNHFAA3,SP00731070,イロヴェ　PC・スマ・フィーチャーフォン,EC-CUBE,http://ilove-u.jp,,
529,SA00463973,0011000000WwVdeAAF,SP00731125,クリヂオンケーキ(PC、スマ),EC-CUBE,http://www.clickoncake.com,,
530,SA00464076,0011000000WwclRAAR,SP00731205,MSTORE(PC),EC-CUBE,http://www.mstore.co.jp,,
531,SA00464073,0011000000WwclRAAR,SP00731205,韓国再発見PC,EC-CUBE,http://www.k-image.net/,,
532,SA00512751,0015F00001APbv7QAD,SP00824649,EHB PC・スマ,EC-CUBE,https://ehb.jp,,EC-CUBE
533,SA00481411,0011000000wcm1qAAA,SP00756110,ベスボルパワーPC・スマ・フィーチャーフォン,EC-CUBE,http://baseball-power.info,,
534,SA00494051,00110000014btJkAAI,SP00781174,自社,EC-CUBE,http://kk-sugiyama.co.jp/?transactionid=fecf879d39e80ca22ccf0cfa04c390cc487f8cf4 セクションを非表示 - シスッ情_シスッ情_,,
535,SA00481509,0011000000wdVrpAAE,SP00756166,ラフィーシャンプ公式通販サイト　PC・スマ,EC-CUBE,http://www.raffi-hair.com,,EC-CUBE
536,SA00518727,0015F00001FLet2QAD,SP00831518,リズプラベルPC・スマ,EC-CUBE,http://rizpravail.jp/,http://rizpravail.jp/user_data/tokutei.php,EC-CUBE
537,SA00481644,0011000000IamcFAAR,SP00648419,自社EC,EC-CUBE,http://www.rokkosanbokujyo.com/,,
538,SA00481669,0011000000IasfSAAR,SP00671872,RaytunePC・スマ,EC-CUBE,http://www.raytune.com/,,
539,SA00484983,00110000011ts5IAAQ,SP00773978,ラプラスPC・スマ,EC-CUBE,http://laplus.blue,,EC-CUBE
540,SA00484983,00110000011ts5IAAQ,SP00773978,ラプラスPC・スマ,EC-CUBE,http://laplus.blue,,EC-CUBE
541,SA00475272,0011000000pfmQTAAY,SP00746893,LA+ラプラスPC、スマ,EC-CUBE,http://laplus.blue,,EC-CUBE
542,SA00475272,0011000000pfmQTAAY,SP00746893,LA+ラプラスPC、スマ,EC-CUBE,http://laplus.blue,,EC-CUBE
543,SA00514227,0015F00001BujjcQAB,SP00826794,りんご侍　PC・スマ,EC-CUBE,http://ringo-samurai.com,http://ringo-samurai.com/order/,EC-CUBE
544,SA00489569,00110000014cU4iAAE,SP00788816,アロー_アンオンラインショーPC・スマ,EC-CUBE,http://aromeune-online.com/,,
545,SA00519385,0011000000IaoW3AAJ,SP00655718,人工芝専門 らくギぼPC・スマ,EC-CUBE,https://xn--gmqr38axqrzkm.jp/,,EC-CUBE
546,SA00508788,0015F000018hIORQA2,SP00815320,ヂライト　ギフトショ　EC-CUBEPC・スマ,EC-CUBE,http://www.decolight.jp,,EC-CUBE
547,SA00483317,0011000000vM0haAAC,SP00751914,アマラン公式オンラインショ　PC・スマ,EC-CUBE,http://www.amaran.co.jp,,
548,SA00481837,0011000000xDS3zAAG,SP00758011,cinofiloPC,EC-CUBE,http://www.caffecinofilo.jp/,,EC-CUBE
549,SA00513481,0015F00001B9MuXQAV,SP00825535,ブランド和牛百貨店　肉 PC・スマ,EC-CUBE,http://nikuzou.jp/,http://nikuzou.jp/order/,EC-CUBE
550,SA00513478,0015F00001B9MDWQA3,SP00825534,公式ー_ペジPC・スマ,EC-CUBE,http://lit-p.com/asulong_t1/,http://lit-p.com/asulong_t1/,
551,SA00511455,0015F000017u24BQAQ,SP00807013,卹こうじや オンラインショ PC・スマ,EC-CUBE,http://shop.sennen-koujiya.jp/,,
552,SA00519383,0011000000IaoW3AAJ,SP00655718,芝生専門 らくギぼPC・スマ,EC-CUBE,https://www.sibafu.jp/,,EC-CUBE
553,SA00519384,0011000000IaoW3AAJ,SP00655718,ウッチップ専門 らくギぼPC・スマ,EC-CUBE,https://xn--gckucfb2a0g.jp/,,EC-CUBE
554,SA00482096,0011000000xnkBGAAY,SP00761195,ナチュラルアイッPC・スマ,EC-CUBE,http://www.natural-item.com,,
555,SA00514794,0015F00001BwOlIQAV,SP00827143,BLANTE　PC・スマ,EC-CUBE,http://blante.jp/user_data/blante02.php,http://blante.jp/user_data/faq.php,EC-CUBE
556,SA00482143,0011000000xooeAAAQ,SP00763241,エリ_ズマイルPC/スマ,EC-CUBE,http://elimsmile.jp,,
557,SA00489593,00110000014cmRBAAY,SP00788827,伊織ネッショーＰ・スマ,EC-CUBE,http://www.i-ori.jp,,
558,SA00482158,0011000000xopMEAAY,SP00763249,スタイルー_　PC・スマ,EC-CUBE,http://styroom.com/,,EC-CUBE
559,SA00482166,0011000000Iasm6AAB,SP00672084,フローフシストアPC・スマ,EC-CUBE,http://flowfushi-store.jp/,,EC-CUBE
560,SA00482167,0011000000Iasm6AAB,SP00672084,フローフシストアPC・スマ,EC-CUBE,https://flowfushi-store.jp/,,EC-CUBE
561,SA00464313,0011000000Wx3LsAAJ,SP00731329,Health-America.netPC・モバ,EC-CUBE,http://www.health-america.net/shop/,,EC-CUBE
562,SA00464662,0011000000ax1ntAAA,SP00731597,チルクロ　PC・スマ,EC-CUBE,http://chilclo.com/,,EC-CUBE
563,SA00462963,0011000000WwEA3AAN,SP00728578,伊織PC、スマ,EC-CUBE,https://www.i-ori.jp,,
564,SA00507379,0011000000IapwGAAR,SP00661191,Girl's HelperＰ・スマ,EC-CUBE,https://girlshelper.com/,,
565,SA00465276,0011000000axN5vAAE,SP00732950,自社サイトPC,EC-CUBE,http://www.innatus-avanzare.com,,
566,SA00495155,0011000000IaozjAAB,SP00657558,ふとん王国本 EC-CUBE PC・スマ・フィーチャーフォン,EC-CUBE,http://www.futon-kingdom.com,,EC-CUBE
567,SA00464327,0011000000Wx3Z2AAJ,SP00731335,・・　Ｐ・スマ・フィーチャーフォン,-,http://bashico.com,,
568,SA00464328,0011000000Wx3Z2AAJ,SP00731335,  　Ｐ・スマ・フィーチャーフォン,-,http://エージス.com,,
569,SA00464332,0011000000LEY3EAAX,SP00693097,MEGALASH株式会社,EC-CUBE,http://megalash.jp,,
570,SA00472731,0011000000o1S2wAAE,SP00743207,_璖局PC、スマ,EC-CUBE,http://shop.ruri-yakkyoku.jp,,
571,SA00464839,0011000000axJhiAAE,SP00731701,ふるさと21　PC・スマ,EC-CUBE,http://www.fsec.jp,,EC-CUBE
572,SA00464839,0011000000axJhiAAE,SP00731701,ふるさと21　PC・スマ,EC-CUBE,http://www.fsec.jp,,EC-CUBE
573,SA00507362,0015F000017zAlgQAE,SP00807390,ふるさと21　EC-CUBEPC・スマ,EC-CUBE,http://www.fsec.jp,,EC-CUBE
574,SA00507362,0015F000017zAlgQAE,SP00807390,ふるさと21　EC-CUBEPC・スマ,EC-CUBE,http://www.fsec.jp,,EC-CUBE
575,SA00464400,0011000000awo6GAAQ,SP00731368,コスヂ　PC・スマ・フィーチャーフォン,EC-CUBE,http://costeka.com/,,
576,SA00464415,0011000000awpfDAAQ,SP00731376,(株)れんげカンパニー-サイ(PC),EC-CUBE,http://0120578025.com,,
577,SA00464532,0011000000Wuf4aAAB,SP00716625,ｒｽ ｽｽ　Ｐ・スマ,EC-CUBE,http://www.virgin-medical.com/,,
578,SA00464616,0011000000aww7KAAQ,SP00731515,frem　PC・スマ,EC-CUBE,http://frem.jp,,EC-CUBE
579,SA00464698,0011000000ax33YAAQ,SP00731624,アイカラッPC・スマ・フィーチャーフォン,EC-CUBE,http://eye-carat.com,,
580,SA00464703,0011000000ax3CRAAY,SP00731628,オッィモ(PC),EC-CUBE,http://www.bunchodo.com,,EC-CUBE
581,SA00464856,0011000000axKelAAE,SP00731713,emippu(PC、スマ),EC-CUBE,http://www.flower-emippu.jp,,
582,SA00465298,0011000000bdeKbAAI,SP00732972,　　Ｐ,-,http://b-yakuzen.com/,,EC-CUBE
583,SA00465303,0011000000bdeKgAAI,SP00732977,SuperHanko,EC-CUBE,http://www.superhanko.com/,,
584,SA00465304,0011000000bdeKgAAI,SP00732977,INKANS,EC-CUBE,http://www.inkans.com/,,
585,SA00465332,0011000000OdOIUAA3,SP00705565,四季彩ネット通販　フィーチャーフォン,EC-CUBE,http://www.shikisai-jpn.com/mobile,,
586,SA00465613,0011000000bdnoHAAQ,SP00733171,My Rossa Life web　PC・スマ,EC-CUBE,http://www.akaitecho.jp,,EC-CUBE
587,SA00465613,0011000000bdnoHAAQ,SP00733171,My Rossa Life web　PC・スマ,EC-CUBE,http://www.akaitecho.jp,,EC-CUBE
588,SA00465895,0011000000bf0GvAAI,SP00733352,My Rossa Life webPC・スマ,EC-CUBE,http://www.akaitecho.jp,,EC-CUBE
589,SA00465895,0011000000bf0GvAAI,SP00733352,My Rossa Life webPC・スマ,EC-CUBE,http://www.akaitecho.jp,,EC-CUBE
590,SA00515289,0015F00001BvoTbQAJ,SP00826980,adamsJUGGLER PC・スマ,EC-CUBE,http://adamsjuggler.com,http://adamsjuggler.com/user_data/guide.php,EC-CUBE
591,SA00465799,0011000000UJDnJAAX,SP00715562,愛肌ミルクトリートメンEC-CUBE,EC-CUBE,http://aihada.jp/milk/shop/,,
592,SA00496454,0011000000IaoOdAAJ,SP00655258,ReformNextPC,EC-CUBE,http://reform-next.net/,,EC-CUBE
593,SA00494027,00110000015HIOSAA4,SP00792646,ヘンプキッン　PC・スマ・フィーチャーフォン,EC-CUBE,http://www.hempkitchen.jp/index.html,,
594,SA00498395,0015F0000171fndQAA,SP00800209,日本のてっぺん～最北田PC・スマ,EC-CUBE,http://www.aketa.jp/,,EC-CUBE
595,SA00498408,0015F0000171hOrQAI,SP00800213,ミキモール　PC・スマ,EC-CUBE,https://www.mikimall.jp,,
596,SA00494873,0011000000u16REAAY,SP00750487,エル・インターナショナル自社サイト）　PC・スマ・フィーチャーフォン,EC-CUBE,http://www.elts-itl.com/shopping,,
597,SA00498409,0015F0000171hUmQAI,SP00800214,ジーモール　PC・スマ,EC-CUBE,https://www.hokkaido-quality.jp,,
598,SA00498410,0011000000IaoOdAAJ,SP00655258,Prefo　住まのプチリフォー_,EC-CUBE,http://prefo.net/,,EC-CUBE
599,SA00495299,0015F000016TenWQAS,SP00797612,ビューヂーグラッPC・スマ・モバ,EC-CUBE,https://beauty-glad.jp,,
600,SA00516064,0015F00001ByOQjQAN,SP00828821,レスプロン,EC-CUBE,http://resplend.jp/eyepudding/se/,,
601,SA00499805,0015F0000171JYrQAM,SP00798539,_Teams 楽農むPC・スマ,EC-CUBE,http://rakunouya-teams.com/shop,,EC-CUBE
602,SA00499872,0015F0000171JTrQAM,SP00798538,cozywavePC・スマ,EC-CUBE,http://cozywave.co.jp/ec/,,EC-CUBE
603,SA00499866,0015F000017bBnhQAE,SP00804138,G-cosme　PC・スマ,EC-CUBE,http://g-cosme.net,,
604,SA00482248,0011000000yIeQgAAK,SP00769589,お得だNET店PC・スマ,EC-CUBE,http://www.otsuki.ne.jp,,
605,SA00512704,0015F00001B6xAnQAJ,SP00824918,自社サイ PC,EC-CUBE,http://bianca-f.com/afsnysy/,,
606,SA00491320,0011000000IatJEAAZ,SP00674134,わかさ夢通販サイトPC・スマ,EC-CUBE,https://www.wks.jp/shop/,,
607,SA00482326,0011000000xnkBDAAY,SP00761192,グリーンパラダイスPC・スマ,EC-CUBE,http://guripara.com/,,
608,SA00482461,0011000000yfglAAAQ,SP00770814,VONDO　PC,EC-CUBE,http://www.vondo.jp,,EC-CUBE
609,SA00489648,00110000014dDAJAA2,SP00788841,アイメヂアWEBショ　PC・スマ,EC-CUBE,https://www.aimedia.co.jp/shop/,,EC-CUBE
610,SA00510044,0015F0000171kV7QAI,SP00800218,Vithmic Online　PC・スマ・フィーチャーフォン,EC-CUBE,http://vithmic-online.jp,,
611,SA00484985,0011000000NqfqUAAR,SP00700383,ショビジョン　PC・スマ,EC-CUBE,http://www.shopvision.jp,,EC-CUBE
612,SA00482954,0011000000WvAAnAAN,SP00718194,OMEGA200PC・スマ,EC-CUBE,http://omega200.perma.jp,,
613,SA00482961,0011000000yhMFYAA2,SP00772051,ネオシルク化粧品　PC,EC-CUBE,http://www.neosilk.jp,,
614,SA00490761,00110000014dMSgAAM,SP00792458,仕し割烹しげよし　PC,EC-CUBE,http://www.shige44.jp/,,
615,SA00490768,0011000000IakxfAAB,SP00642163,ガールズヘルパ㼼PC,EC-CUBE,http://girlshelper.com/,,
616,SA00499928,0015F000017bvRvQAI,SP00804186,ナスッ サイト　EC-CUBEPC・スマ,EC-CUBE,http://nastent.sevendreamers.com,,
617,SA00495462,0015F000016UefIQAS,SP00797680,CHEDEL　PC・スマ,EC-CUBE,http://chedel.jp/,,EC-CUBE
618,SA00483050,0011000000IarQVAAZ,SP00666801,MC珈琲PC・スマ,EC-CUBE,https://www.mc-coffee.co.jp/,,
619,SA00485607,0011000000Iak9PAAR,SP00638943,京都きもの市_PC・スマ,EC-CUBE,http://www.kimonoichiba.com/,,EC-CUBE
620,SA00483161,0011000000z9Hj9AAE,SP00772120,AIRTIGHT FOAM公式直販サイト　PC・スマ,EC-CUBE,http://www.airtight-trading.co.jp/pufoam/html/,,EC-CUBE
621,SA00517914,0011000000IarVkAAJ,SP00667326,ここよかねっと,EC-CUBE,http://www.kokoyoka.net/,,EC-CUBE
622,SA00485557,00110000011wXluAAE,SP00774366,イチカラＰ・スマ,EC-CUBE,http://moro-ichikara.com/,,EC-CUBE
623,SA00465239,0011000000axLgWAAU,SP00732928,みんデパPC・スマ,EC-CUBE,http://mindepa.jp,,EC-CUBE
624,SA00465329,0011000000bdet1AAA,SP00732993,お肌の駁コミ寺　PC,EC-CUBE,http://www.bjn.jp/,,
625,SA00465582,0011000000bdmvjAAA,SP00733148,QueenCosmetic(PC、スマ、フィーチャーフォン),EC-CUBE,http://queencosmetic.jp,,EC-CUBE
626,SA00465624,0011000000bdomNAAQ,SP00733177,シボネオンラインストア　Ｐ・スマ,EC-CUBE,http://www.cibone.com/,,
627,SA00472985,0011000000WvafMAAR,SP00723168,スワンズ・コミュニケーションセンターWebPC・スマ,EC-CUBE,http://netshop.swans.co.jp,,EC-CUBE
628,SA00472989,0011000000IatYjAAJ,SP00675090,BlackBurnセカン,EC-CUBE,http://blackburn.main.jp/second/,,
629,SA00472987,0011000000o2cZrAAI,SP00743449,YAMAMOTO SAFETY ONLINE SHOPPC・スマ,EC-CUBE,http://yamamoto-safety-online.com,,EC-CUBE
630,SA00507401,0015F000017ubINQAY,SP00807160,レミフルラン独自サイト　PC・スマ,EC-CUBE,http://islemid.jp/diafullrun/index_hourei2.html,,
631,SA00465953,0011000000bduBkAAI,SP00733262,ONLINE　SHOP　EC-CUBEPC・スマ・フィーチャーフォン,EC-CUBE,http://shop.pscompany.co.jp,,
632,SA00465947,0011000000IaoUoAAJ,SP00655641,コロカルリンベル通販　PC・スマ,EC-CUBE,http://ringbell.colocal.jp,,EC-CUBE
633,SA00465959,0011000000bf68dAAA,SP00733406,ビューヂジーン　プロフェヂョナル　オンラインストア　PC・スマ,EC-CUBE,http://beautygene-pro.jp/contents/onlinestore.php,,EC-CUBE
634,SA00466038,0011000000bfgfRAAQ,SP00733466,コスペディアウイヂ本(PC、スマ、フィーチャーフォン),EC-CUBE,http://www.cospediawig.jp/,,EC-CUBE
635,SA00466053,0011000000bfhjXAAQ,SP00733473,ミリタリーショ　レプートPC・スマ,EC-CUBE,http://repmart.jp,,EC-CUBE
636,SA00466094,0011000000bflH0AAI,SP00733501,ミラっぷPC・スマ,EC-CUBE,http://mirap.jp,,
637,SA00473043,0011000000mBupwAAC,SP00743198,KoHオンラインショーPC・スマ,EC-CUBE,http://kohcosmetics.jp/,,
638,SA00466356,0011000000bfrSaAAI,SP00733797,ワンダフク ワンクロ　PC・スマ,EC-CUBE,http://wonderfuku.com,,
639,SA00466775,0011000000bdomNAAQ,SP00733177,スーベニアフロ_トキョーオンラインショ　Ｐ・スマ,-,http://www.souvenirfromtokyo.jp,,EC-CUBE
640,SA00467954,0011000000bh0voAAA,SP00736454,ヂエヂ(PC、スマ、フィーチャーフォン),EC-CUBE,http://dezaegg.com/,,EC-CUBE
641,SA00469967,0011000000Ibq7MAAR,SP00682716,ふるさとグルメ紀行PC・スマ・フィーチャー,EC-CUBE,http://ikkyu-an.co.jp/,,EC-CUBE
642,SA00469308,0011000000bhlS7AAI,SP00739151,　STONESＰ・スマ・フィーチャーフォン,EC-CUBE,http://anst.jp/,,
643,SA00469332,0011000000i4EGRAA2,SP00739164,rose-de-fallaローズ  ファラ(PC・スマ,EC-CUBE,http://rose-de-falla.com,,
644,SA00466786,0011000000bgFhIAAU,SP00734849,クラチャイダ_EXハイパ(PC、スマ),EC-CUBE,http://krachaidam.hk0123.info/,,
645,SA00514201,0015F00001BA6sxQAD,SP00826770,美百花-BIHYAKKA- 　PC・スマ,EC-CUBE,http://bihyakka.jp/user_data/bihyakka02.php,http://bihyakka.jp/user_data/faq.php,EC-CUBE
646,SA00518996,0015F00001FLet2QAD,SP00831518,リズプラベル LPPC・スマ,EC-CUBE,http://rizpravail.jp/lp/,http://rizpravail.jp/user_data/tokutei.php,
647,SA00515693,0015F00001BxnOpQAJ,SP00828543,サバ専門店ルカネ　EC-CUBEPC・スマ,EC-CUBE,https://www.saba-marukane.com,https://www.saba-marukane.com,EC-CUBE
648,SA00490803,00110000010EyzfAAC,SP00772411,くもつ風花堂PC・スマ,EC-CUBE,http://www.kumotsu.jp/,,EC-CUBE
649,SA00466644,0011000000bg5SLAAY,SP00734787,良品基地(PC),EC-CUBE,http://ryohinlab.com,,
650,SA00466649,0011000000bdjPmAAI,SP00733083,AppBank　Store　PC・スマ,EC-CUBE,http://www.appbankstore.jp,,EC-CUBE
651,SA00469952,0011000000i5a2qAAA,SP00739557,電線ストア.comPC・スマ,EC-CUBE,http://www.densen-store.com/,,EC-CUBE
652,SA00473095,0011000000o3iczAAA,SP00743485,ぴよちもクリーニングオンラインショーPC、スマ,EC-CUBE,http://acelaundry.co.jp,,
653,SA00466700,0011000000bdomNAAQ,SP00733177,ジョージズオンラインストア　Ｐ・スマ,-,http://www.georges.co.jp,,
654,SA00466792,0011000000bgFqBAAU,SP00734851,物流用.com　PC・スマ,EC-CUBE,http://butsuryu-yohin.com/,,EC-CUBE
655,SA00466793,0011000000bgFqBAAU,SP00734851,特注ﾚｷﾞﾙｺﾾﾊﾞｯ　PC・スマ,EC-CUBE,http://www.tokusyu-tonbag.com/,,EC-CUBE
656,SA00468217,0011000000bhJ1DAAU,SP00736581,ブルークレール　PC・スマ,EC-CUBE,https://www.blcl.jp/,,EC-CUBE
657,SA00466970,0011000000bgUl8AAE,SP00734953,株式会社MIHARU,EC-CUBE,http://www.miharu-ltd.com,,
658,SA00466972,0011000000bgUlyAAE,SP00734955,大洋紙業株式会社,EC-CUBE,http://www.ebiss-factory.com,,
659,SA00466961,0011000000UH99nAAD,SP00710369,Mew　contact　PC・スマ,EC-CUBE,http://contact.mewshop.jp/,,EC-CUBE
660,SA00466983,0011000000bgXCAAA2,SP00734960,avenue(PC、スマ),EC-CUBE,http://www.avenue.ne.jp,,
661,SA00470068,0011000000i65ySAAQ,SP00739614,すぐまる＼Ｐ,EC-CUBE,http://sugumaru.com/,,
662,SA00466998,0011000000bgYo3AAE,SP00734974,オフィス31本(PC、スマ),EC-CUBE,http://shop.sanpori.jp,,EC-CUBE
663,SA00470094,0011000000i6KMMAA2,SP00739808,沖縁んき 沖縔 黒麹醪酢PC・スマ・フィーチャーフォン,-,http://www.okinawa-genki.com/,,EC-CUBE
664,SA00473206,0011000000o5GRuAAM,SP00743537,コのばcom　PC・スマ・フィーチャーフォン,EC-CUBE,http://yubinoba.com,,EC-CUBE
665,SA00473233,0011000000m9lGkAAI,SP00743070,宮崎地鶏炭火焼「車」オンラインショ　PC・スマ・フィーチャーフォン,EC-CUBE,http://shop.kuruma-jp.com,,EC-CUBE
666,SA00467055,0011000000bgbbNAAQ,SP00735002,笑いーと　PC・スマ,EC-CUBE,http://www.wara-eat.jp,,
667,SA00468232,0011000000bhJ7MAAU,SP00736585,Cuelle Online StorePC・スマ,EC-CUBE,www.cuelle.com,,
668,SA00469435,0011000000i4JRaAAM,SP00739219,フェイシャルコスメヂヂ研究所 PC・スマ,EC-CUBE,http://facial-cosmetic.com/butterflyqueen/,,
669,SA00469477,0011000000i4LTjAAM,SP00739237,子供服のバンバンPC・スマ,EC-CUBE,http://bambinstore.com/shop,,EC-CUBE
670,SA00469478,0011000000i4LTkAAM,SP00739238,ペイザンＰ・スマ,EC-CUBE,www.paysanne.net/ec/,,
671,SA00470207,0011000000i7pdcAAA,SP00739886,celeb-florist(PC・スマ,EC-CUBE,http://celeb-florist.com/,,
672,SA00474018,0011000000Iapk7AAB,SP00660638,ノスフィールPC、スマ、フィーチャーフォン,EC-CUBE,http://northfeel.co.jp,,
673,SA00467683,0011000000bgBcTAAU,SP00734834,手作りヨーグルトＥｉｙｏ（Ｐ・スマ・フィーチャーフォン,EC-CUBE,http://www.easiyo-japan.com,,EC-CUBE
674,SA00470678,0011000000UJGNAAA5,SP00715615,Angel Luna,EC-CUBE,http://angelluna.jp/,,
675,SA00474052,0011000000IbfiJAAR,SP00680249,コンパヂショコラヂエ オンラインショ　PC・スマ,EC-CUBE,http://compartesjapan.com,,EC-CUBE
676,SA00467826,0011000000bgsexAAA,SP00736363,orisuta　Ｐ,EC-CUBE,http://www.orisuta.com,,
677,SA00469037,0011000000bhKfiAAE,SP00739001,カシェッシークレッ ショッングサイト　PC・スマ・フィーチャーフォン,EC-CUBE,http://www.cachettesecrete.com/ec/,,
678,SA00470545,0011000000IasL6AAJ,SP00670410,Net電材屋（テストサイト,EC-CUBE,http://i-human.co.jp/net-denzai/,,
679,SA00474200,0011000000IasfSAAR,SP00671872,minotta,EC-CUBE,http://www.minotta-store.com/,,
680,SA00474196,0011000000UJcAFAA1,SP00716236,NULLストアPC、スマ,EC-CUBE,http://www.mens-null.com,,
681,SA00470986,0011000000kQHb5AAG,SP00740334,LOUIS SIGNPC・スマ,EC-CUBE,http://louis-sign.com,,EC-CUBE
682,SA00470985,0011000000IaprWAAR,SP00660893,モードルイーズ オンラインショッングPC・スマ,EC-CUBE,http://mode-louis.com,,
683,SA00474768,0011000000pesqgAAA,SP00745639,愛され酵_PC、スマ、フィーチャーフォン,EC-CUBE,http://aisarekouso.com,,
684,SA00474770,0011000000pesqiAAA,SP00745641,秋田のトラ男米店PC),EC-CUBE,http://www.torao.jp,,
685,SA00483543,0011000000tBuDAAA0,SP00750243,PDF→CADータweb変換サービスPC,EC-CUBE,https://www.zumenhenkan.com/,,
686,SA00483558,0011000000zBjL5AAK,SP00772254,ISBIT　オンラインストアPC・スマ,EC-CUBE,http://isbit.jp,,
687,SA00491825,00110000015n6F8AAI,SP00792785,丸美 通販くらぶ　PC・スマ,EC-CUBE,http://www.marumiya-tsuhan.com/,,EC-CUBE
688,SA00483591,00110000010D1agAAC,SP00772267,マシュマロベイビ㼼PC・スマ,EC-CUBE,http://marshmallowbaby.jp,,
689,SA00483658,0011000000zBcggAAC,SP00772246,兰ノ国 EC-CUBE PC・スマ,EC-CUBE,http://genkinokuni.jp/,,
690,SA00483691,00110000010DnUVAA0,SP00772302,プロヤマPC/スマトフォン,EC-CUBE,http://www.pro-yama.jp,,EC-CUBE
691,SA00483781,00110000010EEXnAAO,SP00772318,MY COLLECTIONPC),EC-CUBE,http://m-y-collection.com/,,
692,SA00483819,00110000010ENz3AAG,SP00772332,SARAVIO_SITEPC・スマ,EC-CUBE,http://www.saravio.jp/,,
693,SA00483819,00110000010ENz3AAG,SP00772332,SARAVIO_SITEPC・スマ,EC-CUBE,http://www.saravio.jp/,,
694,SA00483820,00110000010EO4SAAW,SP00772333,SARAVIO_SITEPC・スマ,EC-CUBE,http://www.saravio.jp/,,
695,SA00483820,00110000010EO4SAAW,SP00772333,SARAVIO_SITEPC・スマ,EC-CUBE,http://www.saravio.jp/,,
696,SA00483821,0011000000Iao9CAAR,SP00654301,コパイバ_式オンラインストア,EC-CUBE,http://copaiba.jp/,,EC-CUBE
697,SA00474085,0011000000IasfSAAR,SP00671872,おもてなし,EC-CUBE,http://www.omotenashiju.jp/,,
698,SA00474107,0011000000oeyK1AAI,SP00745366,まつげエクス ProShopPC、スマ,EC-CUBE,http://matsugeekusute.jp/,,EC-CUBE
699,SA00467717,0011000000bgoWmAAI,SP00736319,PrimeverePC・スマ,EC-CUBE,http://primevere-rce.net/,,
700,SA00467774,0011000000bgqxOAAQ,SP00736340,パズドラ(PC、スマ),EC-CUBE,http://www.pazudoraya.com/,,EC-CUBE
701,SA00470298,0011000000i4vWOAAY,SP00739351,女性向け育毛剤　髪美力-佐藤製薬　PC・スマ,EC-CUBE,http://www.hatsubiryoku.com,,
702,SA00469024,0011000000bhPbNAAU,SP00739016,Swwets-Stock　PC,EC-CUBE,http://www.sweets-stock.com/,,EC-CUBE
703,SA00470345,0011000000IatLVAAZ,SP00674275,FONTANA,EC-CUBE,http://nailtable.jp/,,EC-CUBE
704,SA00483440,0011000000yhM1sAAE,SP00772050,スナックキングダ_　PC・スマ・フィーチャーフォン,EC-CUBE,http://snakin.jp,,
705,SA00474156,0011000000of8zgAAA,SP00745393,グロワーズマケッ熊本　PC・スマ・フィーチャーフォン,EC-CUBE,http://gmk.asia,,
706,SA00518537,0015F00001FL9R5QAL,SP00831382,おとどけや　PC・スマ,EC-CUBE,http://otodokeya.jp,,EC-CUBE
707,SA00470748,0011000000kNLv7AAG,SP00740170,ミトコンドリンク　PC・スマ,EC-CUBE,http://cyes.jp/,,
708,SA00470727,0011000000bduBkAAI,SP00733262,VOICELESS BY BLACKMORAL,EC-CUBE,http://shop2.pscompany.co.jp/,,
709,SA00470758,0011000000kNRrZAAW,SP00740177,メルライン販売サイトPC、スマ,EC-CUBE,http://www.real-beautycare.com/melline,,
710,SA00471401,0011000000kmEgoAAE,SP00741564,ッスショラリー　Ｐ・スマ・フィーチャーフォン,-,http://www.rally-tennis.com,,EC-CUBE
711,SA00474803,0011000000pez7dAAA,SP00745650,likestorePC),EC-CUBE,http://likestore.like-it.jp/,,EC-CUBE
712,SA00471579,0011000000koHDoAAM,SP00741653,ロコクロ　PC・スマ・フィーチャーフォン,EC-CUBE,https://lococlo.com/,,
713,SA00471539,0011000000ko4DPAAY,SP00741632,DEPARTMENTPC・スマ,EC-CUBE,http://dept.mx/,,
714,SA00475844,0011000000IapxvAAB,SP00661290,モバイルガジェッショがうがうPC、スマ,EC-CUBE,http://www.gaugau.jp,,
715,SA00480641,0011000000vn0XEAAY,SP00754656,ゴルスポ＼PC・スマ,EC-CUBE,http://www.golspo.com,,EC-CUBE
716,SA00471586,0011000000koIJ7AAM,SP00741656,京・すずの桑　PC,EC-CUBE,http://www.santokubiken.com/,,
717,SA00471588,0011000000jpQbrAAE,SP00739904,PC、スマ、フィーチャーフォン,EC-CUBE,http://www.mh2-maro.com/,,EC-CUBE
718,SA00471598,0011000000koJeaAAE,SP00741659,BREVASオンラインショースマ,EC-CUBE,http://cupido-aroma.com,,
719,SA00475859,0011000000qisHqAAI,SP00747203,リビングタイ_PC、スマ,EC-CUBE,http://www.livingtime.jp,,EC-CUBE
720,SA00475213,0011000000p7AnlAAE,SP00745480,dan sharaku online shop　PC・スマ,EC-CUBE,http://dan-sharaku.jp,,
721,SA00475212,0011000000WufCzAAJ,SP00716693,Light House BeautyPC),EC-CUBE,http://lighthousebeauty.jp/user_data/candeto.php,,
722,SA00468009,0011000000bh34kAAA,SP00736478,GraciusClub(PC、スマ、フィーチャーフォン),EC-CUBE,http://www.gracious-club.jp,,
723,SA00472075,0011000000kpKMDAA2,SP00742925,ジェイピアーミ　Ｐ,EC-CUBE,http://jparmy.com,,EC-CUBE
724,SA00475234,0011000000pfVoAAAU,SP00746876,あいびPC),EC-CUBE,http://aibi-skin.co.jp,,
725,SA00509946,0011000000Iasx6AAB,SP00672766,イケマンPC・スマ,EC-CUBE,http://www.ikeman.co.jp/shop/,http://www.ikeman.co.jp/shop/order/,EC-CUBE
726,SA00481911,0011000000xE24sAAC,SP00758051,Everyday WellnessPC・スマ,EC-CUBE,http://everydaywellness.jp/shop/,,
727,SA00468011,0011000000LCXhrAAH,SP00687916,オリーブキアラPC,EC-CUBE,http://www.olivekiara.com,,EC-CUBE
728,SA00472227,0011000000m8LTyAAM,SP00742978,ヘルスューヂーストア　PC,EC-CUBE,http://7ands.com,,EC-CUBE
729,SA00475264,0011000000pfl2bAAA,SP00746892,バルコ_プレミア_ショーPC),EC-CUBE,http://www.balcomshop.com,,EC-CUBE
730,SA00468035,0011000000Oc9CkAAJ,SP00705051,西新オレンジ時計店（本店）　EC-CUBEPC,EC-CUBE,http://www.orange-tokei.com/,,
731,SA00472426,0011000000m9wloAAA,SP00743082,北前船 松前PC/スマ,EC-CUBE,http://www.sakura-maguro.com/,,EC-CUBE
732,SA00472510,0011000000mAjezAAC,SP00743119,木村木品製作所オンラインショ　PC・スマ,EC-CUBE,http://shop.kimumoku.jp,,EC-CUBE
733,SA00490851,0011000000NrHR8AAN,SP00700411,ビクリエイトPC,EC-CUBE,https://be-create.net/,,
734,SA00483883,00110000010EQOtAAO,SP00772338,KAMIFUSAFUSA-SITEPC、スマ,EC-CUBE,http://www.kami-fusafusa.jp/,,
735,SA00511031,0015F00001A5grSQAR,SP00823623,住森 EC-CUBE PC・スマ,EC-CUBE,http://www.sumai-mori.net/,,
736,SA00517441,0015F00001D1HO0QAN,SP00830599,泡盛ストリー.net　PC・スマ,EC-CUBE,https://awamori-street.net,https://awamori-street.net/user_data/guide.php#payment,EC-CUBE
737,SA00491560,00110000015GpD6AAK,SP00792626,カーペット通販ドットコ_PC・スマ,EC-CUBE,http://www.capt2.com/,,
738,SA00512879,0015F00001A6N1xQAF,SP00823892,天使のはねストア,EC-CUBE,https://store.seiban.co.jp/,,EC-CUBE
739,SA00472415,0011000000m9vp4AAA,SP00743077,7+English　EC-CUBEPC・スマ・フィーチャーフォン,EC-CUBE,http://7plus-e.com/ad-lp,,
740,SA00472417,0011000000m9vp4AAA,SP00743077,らくらく韓国語　EC-CUBEPC・スマ・フィーチャーフォン,EC-CUBE,https://www.rakuraku-korea.com/,,EC-CUBE
741,SA00472536,0011000000mAtQdAAK,SP00743129,ラスターPC・スマ,EC-CUBE,http://www.fcafe-hanna.com/,,
742,SA00510983,0015F00001A5arcQAB,SP00823599,一人暮らしインッアのジパング.com PC・スマ,EC-CUBE,http://www.1hitorigurashi.com,,
743,SA00484752,00110000010G24zAAC,SP00773883,ばあのプリザ専花　EC-CUBEPC・スマ,EC-CUBE,http://www.purizasenka.com/,,EC-CUBE
744,SA00484745,00110000010G0lDAAS,SP00773879,和蘭・健康サポトPC・スマ,EC-CUBE,http://www.waran-k.com,,
745,SA00484797,00110000010GAl0AAG,SP00773911,UCOSHOP　EC-CUBEPC・スマ・フィーチャーフォン,EC-CUBE,http://kawaiiu.co,,
746,SA00512881,0011000000i4RG6AAM,SP00739272,SIAFULPC・スマ,EC-CUBE,http://www.siaful.co.jp/products/list.php,http://www.siaful.co.jp/user_data/flow.php,
747,SA00485137,00110000011uA93AAE,SP00774144,オンラインショ PC・スマ,EC-CUBE,http://www.dohsui.co.jp/order,,EC-CUBE
748,SA00491859,00110000015nOoHAAU,SP00792802,モノケース PC・スマ,EC-CUBE,http://mono-case.jp/,,EC-CUBE
749,SA00485331,00110000011vEbGAAU,SP00774268,薬用育毛剤「Be&ビアンド）」　PC・スマ,EC-CUBE,http://be-and7.com,,
750,SA00485332,00110000011vEbGAAU,SP00774268,薬用入浴剤「黑湧泉」　PC・スマ,EC-CUBE,http://11bath.com,,
751,SA00491873,0015F000015W6ekQAC,SP00792815,羊ラセンタ「CELLCELLARセルセラ」_式ショーPC・スマ,EC-CUBE,http://cell-cellar.jp,,EC-CUBE
752,SA00491894,0015F000015W9l7QAC,SP00792822,風水改運中忼PC・スマ,EC-CUBE,https://kaiun.co.jp/,,EC-CUBE
753,SA00485423,0011000000IaiiwAAB,SP00633458,SFC本(PC),EC-CUBE,http://sfc-honten.com/,,EC-CUBE
754,SA00485568,00110000011vBPSAA2,SP00774264,ぁ直売ネットPC・スマ,EC-CUBE,http://www.e-chokubai.net,,EC-CUBE
755,SA00485566,00110000011vEbGAAU,SP00774268,自然の森製薬PC・スマ,EC-CUBE,http://shizenno-mori.com/,http://shizenno-mori.com/law.html,
756,SA00486100,00110000013BhOiAAK,SP00775648,1 STYLE　PC,EC-CUBE,http://i-store.innovation-group.jp/,,
757,SA00491077,00110000014cpLwAAI,SP00788835,HP　よつ葉サプリPC,EC-CUBE,http://www.yotsuba-supli.jp,,EC-CUBE
758,SA00486162,00110000013BxkUAAS,SP00775667,あんみつ館,EC-CUBE,https://www.anmitsukan.jp/,,EC-CUBE
759,SA00486313,00110000013CkQMAA0,SP00775728,GAORAオンラインショーPC,EC-CUBE,http://shop.gaora.co.jp,,EC-CUBE
760,SA00495797,0015F000016zBa5QAE,SP00797918,Primp dollPC・スマ,EC-CUBE,http://www.primpdoll.com,,
761,SA00495816,0015F000016TSgDQAW,SP00797531,GNINEオフィシャル店（Ｐ・スマ,EC-CUBE,http://www.gnine.jp,,EC-CUBE
762,SA00486368,00110000013DKrfAAG,SP00775744,モノケースＰ・スマ,EC-CUBE,http://mono-case.jp,,EC-CUBE
763,SA00486379,00110000013DRvjAAG,SP00775747,フルールマルシェソレイユ　PC・スマ,EC-CUBE,http://www.fleur-soleil.net/,,EC-CUBE
764,SA00499938,0015F000017c4VsQAI,SP00804193,今帰仅_ ウェブショ　PC・スマ・フィーチャーフォン,EC-CUBE,http://www.nakijin-awamori.com,,EC-CUBE
765,SA00509409,0015F000019456lQAA,SP00820277,フォトケーキ王国PC・スマ,EC-CUBE,http://photo-cake.jp,http://photo-cake.jp,
766,SA00509429,0015F00001946KKQAY,SP00820292,正規販売店バッグ通販TORATO　PC・スマ,EC-CUBE,https://torato.jp,https://torato.jp/payment/,EC-CUBE
767,SA00508871,0015F0000171hOrQAI,SP00800213,HOKKAIDO VALUEPC・スマ,EC-CUBE,https://www.hokkaido-value.com/,,EC-CUBE
768,SA00500877,0015F000017tmjDQAQ,SP00804897,override ONLINE STOREPC・スマ・フィーチャーフォン,EC-CUBE,http://override-online.com/,,EC-CUBE
769,SA00500875,0015F000017tmgiQAA,SP00804896,KANGOL ONLINE STOREPC・スマ・フィーチャーフォン,EC-CUBE,http://kangol.jp/store/,,EC-CUBE
770,SA00500872,0015F000016ygDyQAI,SP00797892,シンッラリバティPC・スマ,EC-CUBE,http://cinlib.jp,,EC-CUBE
771,SA00508893,0015F0000193FGBQA2,SP00819065,ALEXIASTAM　PC・スマ・フィーチャーフォン,EC-CUBE,https://alexiastam.com/shop,,EC-CUBE
772,SA00500914,0015F000017tscEQAQ,SP00804918,神戸ラボセレクWEBストアPC),EC-CUBE,http://kobelaboselect.com,,
773,SA00507638,0015F000018iV0pQAE,SP00815590,MIRANEST　PC・スマ,EC-CUBE,http://miranest.jp/,http://miranest.jp/first/,
774,SA00501767,0011000000IaoW3AAJ,SP00655718,イルミネーション専門 e-LightscapePC・スマ,EC-CUBE,https://e-lightscape.jp/,,EC-CUBE
775,SA00513112,0011000000i4LTkAAM,SP00739238,ペイザンＰ・スマ,EC-CUBE,http://paysanne.net/ec/,http://paysanne.net/ec/user_data/tokutei.php,EC-CUBE
776,SA00507703,0015F0000168In8QAE,SP00794544,アカラギャラリーオンラインストアPC・スマ,EC-CUBE,https://gallery.akara.asia,https://gallery.akara.asia/guide/help.php,EC-CUBE
777,SA00501869,0015F000017uGBGQA2,SP00807124,スギーズJrの60日英語発音マスター　PC・スマ,EC-CUBE,https://sugis-dvd.com,,EC-CUBE